,Year,County,Region,Type of Forest,Yearly growth,Average Age,Clear-cut Percent,3-10 years  Percent,11 - 20 years  Percent,21 - 30 years  Percent,31 - 40 years  Percent,41 - 60 years  Percent,61 - 80 years  Percent,81 - 100 years  Percent,101 - 120 years  Percent,121 - 140 years  Percent,141+ years  Percent,Old Forest 100 120 140*
315,2005,Stockholm,Svealand,Protected,7.11,82.8,4.7,3.1,4.1,0.0,0.0,19.7,23.8,6.2,13.5,18.7,7.3,39.5
316,2005,Uppsala,Svealand,Protected,6.66,78.8,3.1,0.0,0.0,10.1,6.1,26.3,11.8,7.9,13.2,9.2,12.7,21.9
317,2005,Södermanland,Svealand,Protected,7.72,54.8,24.1,0.0,0.0,6.5,8.3,17.6,16.7,7.4,4.6,13.9,0.0,18.5
318,2005,Östergötland,Svealand,Protected,7.96,82.5,0.0,0.0,0.0,9.2,0.0,14.9,39.1,13.8,0.0,16.1,8.0,24.1
319,2005,Jönköping,Götaland,Protected,7.15,56.8,0.0,4.0,8.0,21.3,17.3,6.7,16.0,17.3,0.0,10.7,0.0,10.7
320,2005,Kronoberg,Götaland,Protected,6.36,64.4,2.4,4.8,4.2,9.6,3.6,20.5,29.5,6.0,15.7,4.8,0.0,4.8
321,2005,Kalmar,Götaland,Protected,7.22,70.6,0.0,3.4,3.9,4.4,9.3,18.6,12.3,26.0,19.1,2.5,0.0,21.6
322,2005,Gotland,Götaland,Protected,4.17,109.5,0.0,3.2,7.6,0.0,0.0,3.8,10.8,1.3,22.3,12.1,38.2,38.2
323,2005,Blekinge,Götaland,Protected,8.34,65.4,0.0,4.9,5.7,17.1,1.6,9.8,22.0,26.8,8.1,0.0,4.1,12.2
324,2005,Skåne,Götaland,Protected,8.24,62.3,1.9,11.2,4.1,9.4,3.0,23.6,15.0,6.7,11.2,13.1,0.0,24.3
325,2005,Halland,Götaland,Protected,8.3,69.8,1.8,8.8,4.4,3.5,0.0,16.8,25.7,22.1,15.9,0.0,2.7,18.6
326,2005,Västra Götaland,Götaland,Protected,7.66,77.4,0.0,7.7,3.8,2.2,1.6,13.7,22.5,22.5,12.1,10.7,3.6,26.4
327,2005,Värmland,Svealand,Protected,6.7,99.1,2.0,0.7,3.9,1.3,3.1,12.7,9.4,10.5,16.8,16.4,23.2,39.6
328,2005,Orebro,Svealand,Protected,6.74,77.9,3.8,6.0,3.8,8.8,6.6,8.8,16.0,6.3,16.0,11.3,12.6,23.9
329,2005,Västmanland,Svealand,Protected,6.42,72.4,4.0,8.3,4.7,5.3,8.0,13.0,5.7,18.3,15.7,15.3,2.0,17.3
330,2005,Dalarna,Svealand,Protected,4.69,106.5,3.3,2.8,4.6,1.7,0.9,6.0,5.4,7.5,16.8,17.1,33.7,33.7
331,2005,Gävleborg,Södra Norrland,Protected,6.01,66.0,0.0,9.4,17.4,8.9,3.8,8.9,4.7,23.0,8.0,8.9,7.0,15.9
332,2005,Västernorrland,Södra Norrland,Protected,5.92,91.9,0.0,0.0,4.9,6.3,0.0,14.6,20.9,5.8,17.0,10.7,19.9,30.6
333,2005,Jämtland,Södra Norrland,Protected,4.23,138.2,0.0,0.7,0.0,0.0,0.0,0.9,0.8,2.7,9.2,20.1,65.6,65.6
334,2005,Västerbotten,Norra Norrland,Protected,3.73,128.2,0.0,1.1,0.4,1.5,1.1,3.5,0.8,6.7,13.2,16.3,55.5,55.5
335,2005,Norrbotten,Norra Norrland,Protected,2.93,126.7,0.8,0.2,0.2,0.4,0.0,2.4,7.5,9.7,10.6,12.6,55.6,55.6
336,2006,Stockholm,Svealand,Protected,7.11,85.4,4.1,3.1,4.1,0.0,0.0,18.9,20.4,3.1,21.4,18.4,7.1,46.9
337,2006,Uppsala,Svealand,Protected,6.66,80.2,3.1,0.0,0.0,10.3,2.7,30.4,9.8,4.9,17.0,9.4,12.9,22.3
338,2006,Södermanland,Svealand,Protected,7.72,60.2,15.5,0.0,4.3,6.0,15.5,14.7,10.3,17.2,5.2,12.9,0.0,18.1
339,2006,Östergötland,Svealand,Protected,7.96,83.2,0.0,0.0,0.0,7.5,0.0,14.0,43.0,5.4,6.5,16.1,7.5,30.1
340,2006,Jönköping,Götaland,Protected,7.15,62.2,0.0,4.2,0.0,21.1,9.9,15.5,16.9,21.1,0.0,11.3,0.0,11.3
341,2006,Kronoberg,Götaland,Protected,6.36,62.1,2.2,5.0,3.9,8.8,8.8,18.2,27.1,7.7,13.8,4.4,0.0,4.4
342,2006,Kalmar,Götaland,Protected,7.22,78.5,0.0,3.2,3.7,3.7,6.0,11.5,18.9,20.3,22.1,10.1,0.0,32.2
343,2006,Gotland,Götaland,Protected,4.17,113.6,0.0,0.0,2.9,2.9,2.9,4.3,8.6,1.4,25.0,7.9,42.9,42.9
344,2006,Blekinge,Götaland,Protected,8.34,68.4,0.0,4.0,4.0,13.9,1.3,0.0,41.1,25.2,6.6,0.0,3.3,9.9
345,2006,Skåne,Götaland,Protected,8.24,65.0,2.2,13.4,4.9,6.7,3.6,25.0,7.1,8.0,11.6,17.9,0.0,29.5
346,2006,Halland,Götaland,Protected,8.3,79.4,1.7,8.5,3.4,3.4,0.0,6.0,26.5,14.5,15.4,17.1,2.6,35.1
347,2006,Västra Götaland,Götaland,Protected,7.66,79.0,0.0,6.9,4.1,2.2,1.7,13.0,21.0,23.2,16.3,8.8,3.6,28.7
348,2006,Värmland,Svealand,Protected,6.7,96.3,3.9,0.7,2.0,1.5,3.1,14.2,9.4,11.8,17.9,17.7,18.3,36.0
349,2006,Orebro,Svealand,Protected,6.74,78.0,1.6,6.0,3.8,8.8,8.8,8.8,18.2,4.4,15.7,11.0,12.9,23.9
350,2006,Västmanland,Svealand,Protected,6.42,75.9,1.9,7.8,4.4,4.7,7.8,14.3,5.3,17.4,18.7,16.2,1.9,18.1
351,2006,Dalarna,Svealand,Protected,4.69,109.9,3.1,2.7,2.6,1.0,0.9,6.6,7.0,6.7,13.8,21.0,34.8,34.8
352,2006,Gävleborg,Södra Norrland,Protected,6.01,71.8,0.0,7.5,13.6,12.1,5.3,9.4,3.4,17.4,9.4,7.2,14.7,21.9
353,2006,Västernorrland,Södra Norrland,Protected,5.92,99.1,0.0,0.0,5.5,0.0,6.0,14.9,16.4,0.0,10.9,17.4,28.4,45.8
354,2006,Jämtland,Södra Norrland,Protected,4.23,138.5,0.0,0.9,0.0,0.0,0.0,1.0,0.8,3.0,8.3,17.5,68.6,68.6
355,2006,Västerbotten,Norra Norrland,Protected,3.73,127.1,0.0,1.6,0.4,1.5,1.2,3.5,0.8,7.5,13.1,15.6,55.0,55.0
356,2006,Norrbotten,Norra Norrland,Protected,2.93,126.1,0.8,0.2,0.3,0.8,0.0,3.0,7.1,10.3,9.3,12.3,55.9,55.9
357,2007,Stockholm,Svealand,Protected,7.11,76.9,4.5,3.0,4.0,4.0,4.0,20.2,23.7,0.0,14.6,16.2,6.6,37.4
358,2007,Uppsala,Svealand,Protected,6.66,83.5,3.2,0.0,0.0,10.4,2.7,25.2,9.5,7.2,16.7,9.5,15.8,25.3
359,2007,Södermanland,Svealand,Protected,7.72,61.4,13.3,0.0,3.9,0.0,18.8,14.1,13.3,19.5,4.7,11.7,0.0,16.4
360,2007,Östergötland,Svealand,Protected,7.96,76.6,0.0,0.0,0.0,12.7,6.4,4.5,43.6,10.9,10.9,12.7,0.0,23.6
361,2007,Jönköping,Götaland,Protected,7.15,68.9,0.0,1.3,2.6,0.0,28.9,14.5,15.8,19.7,0.0,17.1,0.0,17.1
362,2007,Kronoberg,Götaland,Protected,6.36,62.6,1.8,4.9,4.3,9.8,6.1,16.5,29.9,9.1,12.2,4.9,0.0,4.9
363,2007,Kalmar,Götaland,Protected,7.22,81.2,0.0,2.8,0.4,6.0,4.8,11.5,21.4,16.7,26.6,7.1,2.4,36.1
364,2007,Gotland,Götaland,Protected,4.17,112.9,0.0,0.0,2.7,2.7,3.4,8.8,5.4,4.1,23.8,4.8,44.2,44.2
365,2007,Blekinge,Götaland,Protected,8.34,71.5,0.0,4.7,5.5,0.0,11.0,0.0,48.8,18.9,8.7,0.0,3.9,12.6
366,2007,Skåne,Götaland,Protected,8.24,63.8,1.6,12.7,6.1,6.1,3.3,26.1,9.0,8.2,10.6,16.3,0.0,26.9
367,2007,Halland,Götaland,Protected,8.3,82.8,0.0,4.0,4.0,4.0,0.0,6.9,30.7,11.9,17.8,19.8,0.0,37.6
368,2007,Västra Götaland,Götaland,Protected,7.66,79.7,0.3,6.4,3.8,1.8,2.5,12.2,20.6,23.2,15.0,10.9,3.6,29.5
369,2007,Värmland,Svealand,Protected,6.7,91.9,5.9,0.9,2.2,1.3,3.1,14.2,11.1,12.6,18.7,12.2,18.3,30.5
370,2007,Orebro,Svealand,Protected,6.74,81.5,0.0,2.7,6.4,7.8,9.1,7.1,22.3,5.1,17.6,8.8,13.9,22.7
371,2007,Västmanland,Svealand,Protected,6.42,76.7,0.0,6.5,7.1,5.0,7.5,14.3,5.0,17.4,18.0,17.4,1.9,19.3
372,2007,Dalarna,Svealand,Protected,4.69,106.2,3.2,2.6,2.7,1.9,0.8,5.5,7.1,10.3,17.3,19.6,28.9,28.9
373,2007,Gävleborg,Södra Norrland,Protected,6.01,74.2,0.0,6.7,13.8,9.4,5.1,11.4,3.0,18.2,8.1,8.8,15.5,24.3
374,2007,Västernorrland,Södra Norrland,Protected,5.92,100.5,0.0,0.0,5.3,0.0,5.8,15.0,15.5,0.0,10.6,20.3,27.5,47.8
375,2007,Jämtland,Södra Norrland,Protected,4.23,139.2,0.0,0.0,0.9,0.0,0.0,1.1,0.9,2.7,6.0,18.1,70.3,70.3
376,2007,Västerbotten,Norra Norrland,Protected,3.73,124.3,0.0,1.5,0.3,1.5,0.0,6.9,0.6,7.7,15.4,14.7,51.3,51.3
377,2007,Norrbotten,Norra Norrland,Protected,2.93,124.8,0.8,0.5,0.3,0.6,0.5,3.3,7.7,10.3,9.0,11.8,55.2,55.2
378,2008,Stockholm,Svealand,Protected,7.11,84.6,0.0,0.0,4.3,4.3,4.3,21.1,23.2,0.0,15.7,20.0,7.6,43.3
379,2008,Uppsala,Svealand,Protected,6.66,85.8,0.0,3.4,0.0,11.2,2.9,22.0,8.3,7.8,18.0,14.1,13.2,27.3
380,2008,Södermanland,Svealand,Protected,7.72,62.4,14.9,0.0,4.1,0.0,20.7,14.9,9.9,20.7,5.0,12.4,0.0,17.4
381,2008,Östergötland,Svealand,Protected,7.96,75.0,0.0,0.0,0.0,12.5,6.2,7.1,40.2,13.4,15.2,7.1,0.0,22.3
382,2008,Jönköping,Götaland,Protected,7.15,72.9,0.0,1.4,2.8,0.0,31.0,8.5,9.9,29.6,0.0,18.3,0.0,18.3
383,2008,Kronoberg,Götaland,Protected,6.36,58.9,7.6,10.2,5.1,9.6,7.0,4.5,31.2,8.9,12.7,5.1,0.0,5.1
384,2008,Kalmar,Götaland,Protected,7.22,83.1,0.0,0.0,2.8,8.5,4.6,7.8,21.9,18.0,25.8,9.2,2.1,37.1
385,2008,Gotland,Götaland,Protected,4.17,121.2,0.0,0.0,2.0,2.5,2.5,6.5,4.0,3.0,18.1,14.1,48.2,48.2
386,2008,Blekinge,Götaland,Protected,8.34,67.2,3.1,4.7,4.7,0.0,11.0,0.0,48.0,15.7,7.9,0.0,3.9,11.8
387,2008,Skåne,Götaland,Protected,8.24,64.2,1.7,6.8,12.8,6.8,5.6,23.9,6.0,8.5,11.1,17.1,0.0,28.2
388,2008,Halland,Götaland,Protected,8.3,85.3,0.0,3.2,5.4,0.0,5.4,8.6,24.7,12.9,19.4,21.5,0.0,40.9
389,2008,Västra Götaland,Götaland,Protected,7.66,78.7,0.3,4.9,5.2,4.1,2.8,12.1,19.3,21.6,15.2,11.1,3.6,29.9
390,2008,Värmland,Svealand,Protected,6.7,90.1,6.2,0.7,2.1,1.4,3.0,17.1,7.6,15.4,16.8,10.4,19.1,29.5
391,2008,Orebro,Svealand,Protected,6.74,80.3,0.0,1.1,6.2,8.4,11.5,5.9,18.5,9.3,18.5,9.0,11.2,20.2
392,2008,Västmanland,Svealand,Protected,6.42,78.8,0.0,5.0,8.6,3.6,6.8,14.3,6.8,17.9,15.1,20.1,2.2,22.3
393,2008,Dalarna,Svealand,Protected,4.69,107.9,2.6,1.9,2.9,2.5,1.5,5.6,6.9,9.0,15.9,20.4,31.0,31.0
394,2008,Gävleborg,Södra Norrland,Protected,6.01,76.4,0.0,5.1,10.9,10.6,4.8,10.0,5.1,21.1,7.3,10.6,13.9,24.5
395,2008,Västernorrland,Södra Norrland,Protected,5.92,114.4,0.0,0.0,3.8,0.0,4.1,10.3,7.9,0.0,12.1,23.8,38.3,62.1
396,2008,Jämtland,Södra Norrland,Protected,4.23,140.2,0.0,0.0,0.8,0.0,0.0,1.1,1.7,2.5,4.9,13.7,75.3,75.3
397,2008,Västerbotten,Norra Norrland,Protected,3.73,124.9,0.3,1.7,0.0,1.3,0.0,6.4,1.6,6.4,14.9,15.6,51.9,51.9
398,2008,Norrbotten,Norra Norrland,Protected,2.93,125.5,1.0,0.4,0.4,0.6,0.4,2.9,6.9,8.7,11.5,12.2,55.0,55.0
399,2009,Stockholm,Svealand,Protected,7.11,85.1,0.0,0.0,5.3,4.6,4.6,17.8,19.7,4.6,9.9,27.6,5.3,42.8
400,2009,Uppsala,Svealand,Protected,6.66,83.6,0.0,3.7,0.0,7.4,7.4,18.1,11.7,8.0,18.6,13.3,11.2,24.5
401,2009,Södermanland,Svealand,Protected,7.72,63.4,12.9,0.0,3.6,0.0,17.9,16.4,8.6,26.4,4.3,10.7,0.0,15.0
402,2009,Östergötland,Svealand,Protected,7.96,69.8,0.0,4.2,0.0,11.0,5.1,6.8,38.1,12.7,14.4,5.9,0.0,20.3
403,2009,Jönköping,Götaland,Protected,7.15,70.5,0.0,1.3,10.5,0.0,28.9,7.9,2.6,27.6,5.3,17.1,0.0,22.4
404,2009,Kronoberg,Götaland,Protected,6.36,56.7,5.8,14.4,0.0,15.8,7.2,0.0,25.9,15.1,9.4,5.8,0.0,5.8
405,2009,Kalmar,Götaland,Protected,7.22,81.9,0.0,0.0,3.5,7.0,5.0,10.5,21.7,19.8,20.9,10.1,2.3,33.3
406,2009,Gotland,Götaland,Protected,4.17,113.4,0.0,0.0,2.2,2.8,2.8,7.2,7.8,8.3,11.7,15.0,41.7,41.7
407,2009,Blekinge,Götaland,Protected,8.34,67.6,4.1,0.0,9.8,0.0,11.4,0.0,46.3,16.3,8.1,0.0,4.1,12.2
408,2009,Skåne,Götaland,Protected,8.24,61.9,2.6,0.0,15.2,5.3,3.3,34.4,8.6,7.9,12.6,9.9,0.0,22.5
409,2009,Halland,Götaland,Protected,8.3,79.9,0.0,4.8,7.7,0.0,3.8,1.9,28.8,25.0,7.7,19.2,0.0,26.9
410,2009,Västra Götaland,Götaland,Protected,7.66,81.3,0.3,4.7,1.8,4.5,2.9,11.9,20.1,22.4,16.9,11.1,3.7,31.7
411,2009,Värmland,Svealand,Protected,6.7,89.0,4.1,2.8,2.1,1.4,2.3,17.9,10.6,14.0,16.8,8.7,19.1,27.8
412,2009,Orebro,Svealand,Protected,6.74,81.4,0.0,1.1,6.5,8.2,9.6,7.9,18.6,9.6,18.6,9.3,11.3,20.6
413,2009,Västmanland,Svealand,Protected,6.42,76.9,0.0,2.1,14.1,3.2,6.4,13.8,5.7,18.7,16.6,17.3,2.1,19.4
414,2009,Dalarna,Svealand,Protected,4.69,108.3,2.0,2.0,2.9,2.6,1.5,5.5,6.7,9.3,14.9,22.2,30.4,30.4
415,2009,Gävleborg,Södra Norrland,Protected,6.01,79.7,0.9,3.2,8.6,13.5,4.3,9.5,5.2,20.3,6.9,12.6,15.2,27.8
416,2009,Västernorrland,Södra Norrland,Protected,5.92,116.2,0.0,0.0,3.9,0.0,4.3,7.1,8.2,0.0,12.5,24.3,39.6,63.9
417,2009,Jämtland,Södra Norrland,Protected,4.23,141.4,0.0,0.0,0.9,0.0,0.0,0.4,1.9,2.5,3.7,11.7,78.8,78.8
418,2009,Västerbotten,Norra Norrland,Protected,3.73,124.1,0.3,1.1,0.6,0.8,0.0,4.6,3.0,9.2,17.2,13.8,49.5,49.5
419,2009,Norrbotten,Norra Norrland,Protected,2.93,127.3,0.4,0.4,0.4,0.6,0.4,2.8,6.4,7.7,11.8,13.0,56.2,56.2
420,2010,Stockholm,Svealand,Protected,7.11,77.0,0.0,5.9,5.3,5.3,4.6,18.4,19.7,5.3,9.9,20.4,5.3,35.6
421,2010,Uppsala,Svealand,Protected,6.66,87.1,0.0,3.4,0.0,6.9,7.4,19.2,10.8,6.4,17.2,14.3,14.8,29.1
422,2010,Södermanland,Svealand,Protected,7.72,63.6,14.5,0.0,5.1,0.0,20.5,5.1,10.3,32.5,0.0,12.8,0.0,12.8
423,2010,Östergötland,Svealand,Protected,7.96,72.3,0.0,4.5,0.0,11.6,5.4,7.1,33.0,15.2,16.1,7.1,0.0,23.2
424,2010,Jönköping,Götaland,Protected,7.15,68.5,0.0,0.0,11.8,0.0,28.9,7.9,1.3,26.3,5.3,17.1,0.0,22.4
425,2010,Kronoberg,Götaland,Protected,6.36,52.7,10.4,14.9,0.0,16.4,7.5,0.0,17.2,16.4,9.7,6.0,0.0,6.0
426,2010,Kalmar,Götaland,Protected,7.22,81.1,0.0,0.0,3.2,7.5,5.2,10.7,21.8,17.5,21.4,10.3,2.4,34.1
427,2010,Gotland,Götaland,Protected,4.17,107.0,0.0,0.0,3.0,3.8,3.8,5.3,7.6,14.4,11.4,20.5,29.5,29.5
428,2010,Blekinge,Götaland,Protected,8.34,67.7,3.3,0.0,10.6,0.0,11.4,0.0,46.3,16.3,8.1,0.0,4.1,12.2
429,2010,Skåne,Götaland,Protected,8.24,61.8,2.5,0.0,13.8,4.4,6.3,30.0,13.8,7.5,12.5,8.7,0.0,21.2
430,2010,Halland,Götaland,Protected,8.3,79.8,0.0,5.2,8.2,0.0,5.2,3.1,32.0,18.6,8.2,20.6,0.0,28.8
431,2010,Västra Götaland,Götaland,Protected,7.66,83.3,0.3,3.5,1.6,4.6,1.3,12.3,19.6,24.7,16.6,11.8,3.8,32.2
432,2010,Värmland,Svealand,Protected,6.7,88.6,4.4,2.2,2.9,0.0,3.6,19.1,9.9,14.8,15.5,9.0,18.9,27.9
433,2010,Orebro,Svealand,Protected,6.74,84.2,0.0,1.1,6.6,6.0,12.0,6.3,14.8,12.0,16.0,14.0,11.7,25.7
434,2010,Västmanland,Svealand,Protected,6.42,74.3,0.0,2.3,15.1,3.8,6.4,15.1,3.4,23.0,15.5,13.6,2.3,15.9
435,2010,Dalarna,Svealand,Protected,4.69,103.7,2.5,3.6,3.4,3.3,1.8,7.1,5.1,10.2,14.2,20.3,28.8,28.8
436,2010,Gävleborg,Södra Norrland,Protected,6.01,80.3,1.1,2.7,5.7,14.9,4.1,10.9,4.9,20.9,6.5,13.6,14.4,28.0
437,2010,Västernorrland,Södra Norrland,Protected,5.92,116.6,0.0,0.0,0.0,3.9,4.3,7.1,8.2,0.0,12.5,24.3,39.6,63.9
438,2010,Jämtland,Södra Norrland,Protected,4.23,141.6,0.0,0.0,1.0,0.0,0.0,0.4,1.9,2.6,4.1,11.6,78.7,78.7
439,2010,Västerbotten,Norra Norrland,Protected,3.73,123.6,0.3,1.1,0.6,0.8,0.0,4.8,3.1,10.8,16.6,9.7,52.1,52.1
440,2010,Norrbotten,Norra Norrland,Protected,2.93,128.3,0.4,0.2,0.4,0.6,0.4,3.1,6.5,5.8,12.0,12.3,58.3,58.3
441,2011,Stockholm,Svealand,Protected,7.11,75.5,0.0,6.9,0.0,5.3,10.7,20.6,16.0,10.7,0.0,22.9,6.1,29.0
442,2011,Uppsala,Svealand,Protected,6.66,82.3,0.0,3.2,2.8,6.4,6.4,20.6,12.8,6.0,15.1,13.3,12.8,26.1
443,2011,Södermanland,Svealand,Protected,7.72,65.9,13.3,0.0,0.0,0.0,22.9,5.7,19.0,25.7,0.0,14.3,0.0,14.3
444,2011,Östergötland,Svealand,Protected,7.96,70.2,0.0,5.6,0.0,12.1,5.6,7.5,35.5,15.9,11.2,7.5,0.0,18.7
445,2011,Jönköping,Götaland,Protected,7.15,66.6,0.0,6.7,10.1,0.0,24.7,12.4,1.1,22.5,9.0,14.6,0.0,23.6
446,2011,Kronoberg,Götaland,Protected,6.36,55.7,10.9,15.5,0.0,17.1,0.0,0.0,16.3,27.1,6.2,6.2,0.0,6.2
447,2011,Kalmar,Götaland,Protected,7.22,79.0,3.1,0.0,3.1,6.9,5.8,10.0,20.8,16.5,23.1,8.8,2.3,34.2
448,2011,Gotland,Götaland,Protected,4.17,107.7,0.0,0.0,2.6,3.9,0.0,11.6,9.7,12.3,7.1,21.9,31.0,31.0
449,2011,Blekinge,Götaland,Protected,8.34,73.3,3.1,0.0,8.4,0.8,10.7,0.0,29.0,29.0,14.5,0.0,3.8,18.3
450,2011,Skåne,Götaland,Protected,8.24,63.0,3.6,0.0,13.3,4.2,6.0,22.3,20.5,7.2,11.4,10.2,0.0,21.6
451,2011,Halland,Götaland,Protected,8.3,76.4,0.0,5.6,8.9,0.0,4.4,0.0,38.9,22.2,4.4,11.1,4.4,19.9
452,2011,Västra Götaland,Götaland,Protected,7.66,85.8,0.3,2.3,1.7,5.2,1.1,11.7,18.6,23.8,16.9,13.2,5.2,35.3
453,2011,Värmland,Svealand,Protected,6.7,86.6,2.3,4.6,3.1,2.3,4.1,18.4,10.5,14.1,9.2,11.3,19.9,31.2
454,2011,Orebro,Svealand,Protected,6.74,87.7,3.5,0.0,7.5,2.0,10.4,6.6,10.1,13.8,15.6,19.0,11.8,30.8
455,2011,Västmanland,Svealand,Protected,6.42,72.2,0.0,2.6,17.2,4.3,5.2,14.2,4.7,25.9,11.6,12.9,2.2,15.1
456,2011,Dalarna,Svealand,Protected,4.69,105.7,2.1,3.7,4.5,3.1,1.1,7.0,5.0,8.3,14.4,15.6,35.4,35.4
457,2011,Gävleborg,Södra Norrland,Protected,6.01,78.2,0.9,3.0,8.1,12.6,3.0,10.2,3.9,23.4,10.2,15.3,8.4,23.7
458,2011,Västernorrland,Södra Norrland,Protected,5.92,115.3,3.0,0.0,0.0,3.3,4.7,6.7,3.3,4.7,4.3,28.8,40.5,69.3
459,2011,Jämtland,Södra Norrland,Protected,4.23,140.8,0.0,0.0,0.8,0.0,0.0,0.3,1.8,3.9,3.9,12.1,77.1,77.1
460,2011,Västerbotten,Norra Norrland,Protected,3.73,123.3,0.3,0.6,0.6,0.7,0.0,4.4,3.6,12.4,16.7,11.6,49.2,49.2
461,2011,Norrbotten,Norra Norrland,Protected,2.93,129.0,0.4,0.4,0.1,0.6,0.4,2.5,6.7,5.0,12.0,13.6,58.3,58.3
462,2012,Stockholm,Svealand,Protected,7.11,80.1,0.0,8.6,0.0,0.0,5.7,23.8,12.4,13.3,4.8,21.9,7.6,34.3
463,2012,Uppsala,Svealand,Protected,6.66,82.6,0.0,3.3,2.9,3.8,7.6,21.4,13.8,7.1,16.2,13.3,11.0,24.3
464,2012,Södermanland,Svealand,Protected,7.72,64.9,13.5,4.8,0.0,0.0,21.2,5.8,9.6,27.9,0.0,17.3,0.0,17.3
465,2012,Östergötland,Svealand,Protected,7.96,71.4,0.0,5.4,0.0,7.5,0.0,15.1,38.7,11.8,5.4,6.5,6.5,18.4
466,2012,Jönköping,Götaland,Protected,7.15,62.2,0.0,5.8,16.3,0.0,19.2,16.3,1.0,18.3,6.7,15.4,0.0,22.1
467,2012,Kronoberg,Götaland,Protected,6.36,58.6,10.7,14.3,0.0,16.4,0.0,0.0,22.9,25.7,5.7,6.4,0.0,6.4
468,2012,Kalmar,Götaland,Protected,7.22,76.4,4.0,0.0,4.0,6.0,10.6,8.5,18.1,14.6,19.6,14.6,0.0,34.2
469,2012,Gotland,Götaland,Protected,4.17,110.1,0.0,0.0,2.5,3.8,0.0,7.0,8.9,16.5,6.3,21.5,32.9,32.9
470,2012,Blekinge,Götaland,Protected,8.34,74.9,2.8,0.0,7.7,1.4,14.0,0.0,26.6,25.9,17.5,0.0,4.9,22.4
471,2012,Skåne,Götaland,Protected,8.24,69.0,4.2,0.0,9.0,3.0,10.2,18.6,18.6,9.0,14.4,8.4,4.2,27.0
472,2012,Halland,Götaland,Protected,8.3,79.5,0.0,5.5,8.8,0.0,4.4,0.0,37.4,23.1,0.0,17.6,4.4,22.0
473,2012,Västra Götaland,Götaland,Protected,7.66,82.6,0.0,4.7,1.9,8.1,0.0,14.6,10.6,24.8,16.8,14.6,3.7,35.1
474,2012,Värmland,Svealand,Protected,6.7,88.0,0.0,4.7,3.1,4.7,3.9,19.0,9.4,13.8,9.4,9.4,22.6,32.0
475,2012,Orebro,Svealand,Protected,6.74,89.4,3.2,0.0,4.9,3.7,10.4,4.6,9.2,17.9,13.3,20.7,11.8,32.5
476,2012,Västmanland,Svealand,Protected,6.42,72.9,0.0,2.2,12.6,3.6,8.5,13.9,4.9,26.0,11.2,13.5,2.2,15.7
477,2012,Dalarna,Svealand,Protected,4.69,109.1,2.3,3.8,3.3,3.2,1.1,7.6,4.4,5.5,10.4,18.6,39.8,39.8
478,2012,Gävleborg,Södra Norrland,Protected,6.01,78.3,1.0,3.2,7.3,11.2,3.5,8.3,7.3,24.3,13.1,13.7,6.4,20.1
479,2012,Västernorrland,Södra Norrland,Protected,5.92,116.8,2.4,0.0,0.0,3.0,4.2,6.1,3.3,6.4,7.6,24.2,42.4,66.6
480,2012,Jämtland,Södra Norrland,Protected,4.23,140.4,0.0,0.0,1.0,0.0,0.0,0.4,1.9,3.4,4.9,11.2,77.1,77.1
481,2012,Västerbotten,Norra Norrland,Protected,3.73,125.4,0.3,0.8,0.6,0.6,0.5,3.3,3.2,13.0,13.7,9.7,54.4,54.4
482,2012,Norrbotten,Norra Norrland,Protected,2.93,130.5,0.4,0.2,0.1,0.6,0.0,1.9,5.8,6.3,11.5,14.3,59.0,59.0
483,2013,Stockholm,Svealand,Protected,7.11,83.6,0.0,7.3,0.0,0.0,5.7,19.5,10.6,16.3,13.0,19.5,6.5,39.0
484,2013,Uppsala,Svealand,Protected,6.66,84.0,0.0,2.6,3.1,3.9,6.6,15.7,17.0,9.2,18.3,10.5,12.2,22.7
485,2013,Södermanland,Svealand,Protected,7.72,68.3,14.0,5.0,0.0,0.0,13.0,14.0,9.0,20.0,8.0,18.0,0.0,26.0
486,2013,Östergötland,Svealand,Protected,7.96,73.9,0.0,5.4,0.0,0.0,6.5,13.0,41.3,19.6,0.0,6.5,6.5,13.0
487,2013,Jönköping,Götaland,Protected,7.15,65.8,0.0,5.7,17.1,0.0,18.1,16.2,1.0,13.3,6.7,21.9,0.0,28.6
488,2013,Kronoberg,Götaland,Protected,6.36,64.7,3.8,2.5,8.2,8.8,3.8,9.4,28.3,22.0,4.4,8.2,0.0,8.2
489,2013,Kalmar,Götaland,Protected,7.22,76.9,4.2,4.2,3.6,1.8,8.4,10.2,16.2,20.4,16.2,15.6,0.0,31.8
490,2013,Gotland,Götaland,Protected,4.17,93.9,0.0,0.0,3.7,5.6,0.0,10.3,14.0,24.3,10.3,12.1,18.7,18.7
491,2013,Blekinge,Götaland,Protected,8.34,71.2,0.0,4.0,8.0,0.7,17.3,0.0,25.3,22.0,17.3,0.0,4.7,22.0
492,2013,Skåne,Götaland,Protected,8.24,67.7,7.7,0.0,11.6,4.4,6.6,15.5,14.4,14.4,14.4,7.2,4.4,26.0
493,2013,Halland,Götaland,Protected,8.3,78.4,0.0,4.3,9.7,0.0,6.5,0.0,37.6,21.5,0.0,17.2,4.3,21.5
494,2013,Västra Götaland,Götaland,Protected,7.66,89.3,0.0,2.1,1.5,5.5,0.0,14.9,9.8,23.8,21.0,14.0,7.0,42.0
495,2013,Värmland,Svealand,Protected,6.7,90.0,1.3,4.7,3.4,4.7,3.9,16.8,9.4,11.8,7.1,9.2,27.6,36.8
496,2013,Orebro,Svealand,Protected,6.74,92.6,4.4,0.0,6.2,2.2,5.5,8.0,12.0,13.1,11.3,22.3,15.7,38.0
497,2013,Västmanland,Svealand,Protected,6.42,76.6,0.0,2.3,13.1,3.7,7.5,8.9,7.0,26.6,14.5,14.0,2.3,16.3
498,2013,Dalarna,Svealand,Protected,4.69,111.0,2.2,3.8,3.3,2.7,0.4,7.0,4.5,6.4,7.5,20.3,41.6,41.6
499,2013,Gävleborg,Södra Norrland,Protected,6.01,77.4,1.4,0.0,11.8,9.4,6.6,9.4,7.3,16.4,17.8,12.2,7.3,19.5
500,2013,Västernorrland,Södra Norrland,Protected,5.92,111.0,3.2,0.0,0.0,4.0,5.6,8.4,4.4,8.0,4.4,21.6,40.4,62.0
501,2013,Jämtland,Södra Norrland,Protected,4.23,139.2,0.0,0.0,1.0,0.6,0.0,1.0,1.0,3.5,5.0,13.6,74.2,74.2
502,2013,Västerbotten,Norra Norrland,Protected,3.73,128.6,0.0,0.9,0.6,0.6,0.4,3.0,1.9,12.2,11.1,9.2,60.1,60.1
503,2013,Norrbotten,Norra Norrland,Protected,2.93,131.1,0.0,0.2,0.1,0.6,0.0,2.0,5.8,7.2,9.9,13.5,60.6,60.6
504,2014,Stockholm,Svealand,Protected,7.11,92.6,0.0,6.2,0.0,4.3,3.7,13.0,4.3,22.8,13.6,16.0,16.0,45.6
505,2014,Uppsala,Svealand,Protected,6.66,93.0,0.0,2.1,2.1,0.3,7.3,11.8,10.1,17.8,19.9,18.8,9.8,28.6
506,2014,Södermanland,Svealand,Protected,7.72,63.9,15.9,5.7,0.0,0.0,14.8,8.0,17.0,8.0,8.0,20.5,0.0,28.5
507,2014,Östergötland,Svealand,Protected,7.96,81.7,0.0,0.0,0.0,0.0,7.4,7.4,46.9,22.2,0.0,7.4,8.6,16.0
508,2014,Jönköping,Götaland,Protected,7.15,76.0,0.0,10.8,9.2,0.0,15.8,14.2,0.8,11.7,2.5,24.2,10.8,37.5
509,2014,Kronoberg,Götaland,Protected,6.36,64.0,3.8,5.6,8.8,3.7,8.1,8.7,31.9,17.5,4.4,8.8,0.0,8.8
510,2014,Kalmar,Götaland,Protected,7.22,73.6,4.1,7.6,3.5,1.8,8.2,7.1,15.9,20.0,15.3,15.3,0.0,30.6
511,2014,Gotland,Götaland,Protected,4.17,90.8,0.0,0.0,0.0,12.2,0.0,11.2,12.2,22.4,12.2,7.1,20.4,20.4
512,2014,Blekinge,Götaland,Protected,8.34,70.2,0.0,3.3,4.4,4.9,16.4,6.6,23.0,21.9,10.9,4.4,3.8,19.1
513,2014,Skåne,Götaland,Protected,8.24,68.5,7.4,0.0,10.6,4.2,6.3,15.9,13.8,14.8,15.9,6.9,4.2,27.0
514,2014,Halland,Götaland,Protected,8.3,80.3,0.0,0.0,13.6,0.0,6.8,0.0,37.5,14.8,0.0,22.7,4.5,27.2
515,2014,Västra Götaland,Götaland,Protected,7.66,86.5,0.0,3.8,2.2,5.7,1.6,15.3,7.6,23.2,19.6,14.4,6.5,40.5
516,2014,Värmland,Svealand,Protected,6.7,91.6,1.3,4.5,3.0,4.5,5.3,17.2,5.6,11.1,9.6,11.6,26.5,38.1
517,2014,Orebro,Svealand,Protected,6.74,92.6,4.4,0.0,4.4,3.7,3.3,9.3,11.9,12.6,10.4,23.3,15.9,39.2
518,2014,Västmanland,Svealand,Protected,6.42,80.8,1.0,2.4,6.7,6.7,3.8,11.9,7.1,27.6,14.3,13.3,5.2,18.5
519,2014,Dalarna,Svealand,Protected,4.69,114.5,2.1,3.5,3.0,2.5,1.6,5.1,4.9,4.2,8.6,17.1,47.6,47.6
520,2014,Gävleborg,Södra Norrland,Protected,6.01,79.0,0.0,0.0,12.0,5.6,6.7,9.2,9.9,18.7,24.3,10.9,2.8,13.7
521,2014,Västernorrland,Södra Norrland,Protected,5.92,108.6,5.3,0.0,0.0,4.2,5.3,3.8,4.2,14.4,4.2,20.2,38.0,58.2
522,2014,Jämtland,Södra Norrland,Protected,4.23,138.3,0.0,0.0,0.9,0.5,0.0,1.9,0.9,2.9,7.4,12.7,72.8,72.8
523,2014,Västerbotten,Norra Norrland,Protected,3.73,128.9,0.0,1.0,0.0,0.7,1.1,4.0,1.4,8.8,12.0,10.7,60.2,60.2
524,2014,Norrbotten,Norra Norrland,Protected,2.93,130.8,0.0,0.2,0.1,0.4,0.3,2.0,5.6,7.7,9.4,14.6,59.6,59.6
525,2015,Stockholm,Svealand,Protected,7.11,100.6,0.0,0.0,0.0,3.6,4.2,13.3,3.6,22.4,13.9,23.6,15.2,52.7
526,2015,Uppsala,Svealand,Protected,6.66,91.0,0.0,2.0,2.3,0.3,6.9,11.8,12.1,19.3,21.6,15.7,8.2,23.9
527,2015,Södermanland,Svealand,Protected,7.72,72.7,10.7,3.1,0.0,0.0,10.7,16.8,12.2,19.8,5.3,13.7,6.9,25.9
528,2015,Östergötland,Svealand,Protected,7.96,83.6,0.0,1.1,0.0,0.0,6.6,14.3,31.9,24.2,0.0,6.6,14.3,20.9
529,2015,Jönköping,Götaland,Protected,7.15,77.9,0.0,10.3,8.5,0.0,11.1,19.7,0.9,5.1,8.5,23.9,11.1,43.5
530,2015,Kronoberg,Götaland,Protected,6.36,67.3,0.0,6.6,9.3,4.0,8.6,9.3,28.5,21.2,5.3,9.3,0.0,9.3
531,2015,Kalmar,Götaland,Protected,7.22,74.5,4.8,8.4,4.2,1.8,7.8,7.2,15.6,19.8,16.2,15.6,0.0,31.8
532,2015,Gotland,Götaland,Protected,4.17,91.4,0.0,0.0,0.0,12.9,0.0,9.9,11.9,24.8,13.9,5.9,19.8,19.8
533,2015,Blekinge,Götaland,Protected,8.34,70.3,0.0,3.3,4.3,5.4,16.3,7.1,22.8,21.7,10.9,4.3,3.8,19.0
534,2015,Skåne,Götaland,Protected,8.24,68.2,9.8,0.0,9.8,3.9,6.8,12.2,17.1,13.2,17.1,6.8,3.9,27.8
535,2015,Halland,Götaland,Protected,8.3,80.4,0.0,0.0,12.8,0.0,7.4,0.0,35.1,19.1,0.0,21.3,4.3,25.6
536,2015,Västra Götaland,Götaland,Protected,7.66,83.5,0.0,5.3,2.4,5.3,4.5,14.4,8.5,21.8,17.3,14.6,6.1,38.0
537,2015,Värmland,Svealand,Protected,6.7,93.2,1.2,4.1,3.0,4.1,2.5,17.7,5.3,14.1,11.1,10.6,26.3,36.9
538,2015,Orebro,Svealand,Protected,6.74,95.9,4.0,0.0,4.4,3.7,2.9,8.8,11.4,12.5,9.9,24.2,18.3,42.5
539,2015,Västmanland,Svealand,Protected,6.42,77.0,1.0,2.4,6.7,10.0,3.8,11.9,7.1,25.7,13.3,12.4,4.8,17.2
540,2015,Dalarna,Svealand,Protected,4.69,119.8,1.6,2.0,2.0,1.7,2.2,3.9,5.3,4.1,8.3,17.9,51.0,51.0
541,2015,Gävleborg,Södra Norrland,Protected,6.01,79.7,0.0,0.0,7.5,11.7,7.1,7.5,10.2,18.0,22.6,9.4,6.0,15.4
542,2015,Västernorrland,Södra Norrland,Protected,5.92,106.7,6.6,0.0,0.0,3.8,6.0,3.8,3.8,15.5,6.0,18.6,36.3,54.9
543,2015,Jämtland,Södra Norrland,Protected,4.23,138.4,0.0,0.0,0.9,0.5,0.0,1.9,0.9,3.0,6.6,14.0,72.3,72.3
544,2015,Västerbotten,Norra Norrland,Protected,3.73,129.7,0.0,1.0,0.0,1.0,1.1,4.0,1.4,6.9,11.2,12.5,60.8,60.8
545,2015,Norrbotten,Norra Norrland,Protected,2.93,131.4,0.0,0.2,0.2,0.4,0.4,1.3,5.5,8.1,9.1,14.5,60.2,60.2
546,2016,Stockholm,Svealand,Protected,7.11,104.7,0.0,0.0,0.0,3.4,3.9,11.7,3.9,20.7,12.3,17.9,25.7,55.9
547,2016,Uppsala,Svealand,Protected,6.66,95.4,0.0,1.8,2.1,0.3,6.7,9.2,9.2,20.2,24.2,16.9,9.8,26.7
548,2016,Södermanland,Svealand,Protected,7.72,82.1,5.4,3.9,0.0,0.0,4.7,21.7,11.6,26.4,6.2,14.7,7.8,28.7
549,2016,Östergötland,Svealand,Protected,7.96,82.7,0.0,7.8,0.0,0.0,4.9,12.7,20.6,35.3,0.0,6.9,12.7,19.6
550,2016,Jönköping,Götaland,Protected,7.15,83.5,0.0,6.4,10.0,0.0,11.8,15.5,8.2,5.5,6.4,25.5,12.7,44.6
551,2016,Kronoberg,Götaland,Protected,6.36,62.4,0.0,7.0,9.2,4.2,12.7,9.9,30.3,12.0,4.9,9.9,0.0,9.9
552,2016,Kalmar,Götaland,Protected,7.22,80.1,0.0,9.9,4.6,0.0,6.9,3.1,14.5,24.4,14.5,14.5,5.3,34.3
553,2016,Gotland,Götaland,Protected,4.17,89.1,0.0,0.0,0.0,6.5,7.5,6.5,12.9,31.2,14.0,7.5,12.9,12.9
554,2016,Blekinge,Götaland,Protected,8.34,65.4,0.0,4.6,5.3,5.9,19.1,8.6,21.7,17.8,7.2,5.3,3.9,16.4
555,2016,Skåne,Götaland,Protected,8.24,67.3,11.8,0.0,9.5,3.8,6.6,10.0,18.0,13.3,17.1,3.3,6.6,27.0
556,2016,Halland,Götaland,Protected,8.3,74.9,0.0,0.0,12.4,0.0,6.2,6.2,34.0,17.5,6.2,16.5,0.0,22.7
557,2016,Västra Götaland,Götaland,Protected,7.66,82.6,0.0,5.1,2.2,5.4,4.3,14.5,8.9,22.0,17.7,13.2,6.2,37.1
558,2016,Värmland,Svealand,Protected,6.7,92.8,2.7,2.0,4.7,2.7,2.7,16.6,6.9,13.7,12.2,10.2,25.5,35.7
559,2016,Orebro,Svealand,Protected,6.74,94.0,0.0,4.7,4.7,4.0,3.2,9.5,7.5,17.8,10.3,19.4,19.0,38.4
560,2016,Västmanland,Svealand,Protected,6.42,78.6,1.0,2.4,7.2,10.0,3.8,12.0,7.2,23.4,15.8,12.4,5.3,17.7
561,2016,Dalarna,Svealand,Protected,4.69,119.9,1.1,0.9,2.0,1.7,2.2,3.9,5.2,6.8,9.9,17.6,48.6,48.6
562,2016,Gävleborg,Södra Norrland,Protected,6.01,82.2,0.0,0.0,5.2,11.2,7.1,7.5,12.3,17.5,18.3,14.6,6.0,20.6
563,2016,Västernorrland,Södra Norrland,Protected,5.92,103.9,8.8,0.0,0.0,3.6,1.6,8.1,3.9,15.9,5.8,14.9,37.0,51.9
564,2016,Jämtland,Södra Norrland,Protected,4.23,139.7,0.0,0.0,0.9,0.5,0.0,1.9,0.9,1.5,5.7,13.3,75.3,75.3
565,2016,Västerbotten,Norra Norrland,Protected,3.73,130.3,0.0,1.2,0.0,1.1,2.3,4.4,1.2,3.2,12.3,9.3,65.0,65.0
566,2016,Norrbotten,Norra Norrland,Protected,2.93,132.1,0.1,0.0,0.1,0.2,0.8,1.1,4.2,8.9,9.4,14.3,60.9,60.9
567,2017,Stockholm,Svealand,Protected,7.11,107.7,0.0,0.0,0.0,3.9,3.9,9.0,7.3,20.8,9.6,21.3,25.8,56.7
568,2017,Uppsala,Svealand,Protected,6.66,97.0,0.0,1.5,1.9,0.3,4.3,9.0,9.3,18.2,28.4,16.7,9.9,26.6
569,2017,Södermanland,Svealand,Protected,7.72,75.2,12.7,0.0,0.0,0.0,0.0,29.7,11.9,22.0,5.9,5.1,12.7,23.7
570,2017,Östergötland,Svealand,Protected,7.96,80.0,0.0,6.3,5.6,0.0,4.8,5.6,22.2,27.8,16.7,0.0,10.3,27.0
571,2017,Jönköping,Götaland,Protected,7.15,89.9,0.0,8.1,1.2,1.2,0.0,26.7,9.3,8.1,8.1,23.3,15.1,46.5
572,2017,Kronoberg,Götaland,Protected,6.36,59.9,0.0,6.5,9.4,4.3,12.9,16.5,22.3,12.2,5.0,9.4,0.0,9.4
573,2017,Kalmar,Götaland,Protected,7.22,81.7,5.5,9.6,4.1,0.0,1.4,3.4,17.8,22.6,13.0,13.0,9.6,35.6
574,2017,Gotland,Götaland,Protected,4.17,94.1,0.0,0.0,0.0,6.4,7.4,7.4,8.5,25.5,21.3,6.4,17.0,17.0
575,2017,Blekinge,Götaland,Protected,8.34,73.2,0.0,4.8,5.4,6.8,6.8,17.7,23.1,18.4,4.8,6.1,8.8,19.7
576,2017,Skåne,Götaland,Protected,8.24,65.6,12.3,2.4,9.9,3.8,6.1,8.0,19.8,9.4,17.9,0.0,9.9,27.8
577,2017,Halland,Götaland,Protected,8.3,74.5,0.0,0.0,10.5,0.0,9.5,8.6,35.2,16.2,5.7,15.2,0.0,20.9
578,2017,Västra Götaland,Götaland,Protected,7.66,86.6,0.0,5.1,2.7,3.0,7.8,9.7,7.3,23.8,17.8,17.0,6.2,41.0
579,2017,Värmland,Svealand,Protected,6.7,91.9,4.0,1.9,4.4,5.0,2.3,12.1,9.1,12.3,15.4,8.9,24.7,33.6
580,2017,Orebro,Svealand,Protected,6.74,93.8,0.0,7.3,2.8,6.5,3.3,9.8,4.9,15.0,11.0,20.3,19.9,40.2
581,2017,Västmanland,Svealand,Protected,6.42,75.8,4.3,10.3,5.2,5.2,0.0,11.6,11.6,17.7,17.7,9.9,7.3,17.2
582,2017,Dalarna,Svealand,Protected,4.69,121.1,1.1,0.8,1.9,0.7,3.0,3.9,5.0,6.5,9.7,16.3,50.9,50.9
583,2017,Gävleborg,Södra Norrland,Protected,6.01,81.7,0.0,0.0,4.2,9.0,2.7,21.1,11.4,18.1,10.2,13.0,9.9,22.9
584,2017,Västernorrland,Södra Norrland,Protected,5.92,99.9,8.8,0.0,2.3,3.6,1.6,8.5,3.6,13.7,8.8,17.3,31.3,48.6
585,2017,Jämtland,Södra Norrland,Protected,4.23,139.1,0.0,0.0,0.0,1.3,0.0,1.8,2.0,2.5,4.3,14.1,74.2,74.2
586,2017,Västerbotten,Norra Norrland,Protected,3.73,131.2,0.0,0.3,0.7,1.0,1.7,3.4,2.5,3.5,12.1,9.3,65.5,65.5
587,2017,Norrbotten,Norra Norrland,Protected,2.93,132.3,0.1,0.0,0.1,0.2,0.7,0.9,3.6,9.4,10.0,14.2,60.8,60.8
588,2018,Stockholm,Svealand,Protected,7.11,105.2,0.0,0.0,0.0,3.6,4.1,9.5,11.8,17.8,7.7,18.9,27.2,53.8
589,2018,Uppsala,Svealand,Protected,6.66,98.3,0.0,0.0,3.6,0.0,6.3,9.0,9.0,16.0,26.2,18.4,11.7,30.1
590,2018,Södermanland,Svealand,Protected,7.72,77.4,12.8,0.0,0.0,0.0,0.0,29.9,12.8,22.2,6.8,5.1,12.8,24.7
591,2018,Östergötland,Svealand,Protected,7.96,80.8,0.0,6.9,6.9,0.0,0.0,11.2,16.4,28.4,18.1,0.0,11.2,29.3
592,2018,Jönköping,Götaland,Protected,7.15,85.2,0.0,7.6,1.3,1.3,0.0,29.1,10.1,7.6,8.9,16.5,16.5,41.9
593,2018,Kronoberg,Götaland,Protected,6.36,58.6,0.0,8.2,11.8,5.5,16.4,7.3,21.8,15.5,0.0,12.7,0.0,12.7
594,2018,Kalmar,Götaland,Protected,7.22,83.1,4.6,9.2,0.0,3.9,1.3,2.6,17.0,21.6,17.0,12.4,9.2,38.6
595,2018,Gotland,Götaland,Protected,4.17,93.8,0.0,0.0,0.0,6.5,6.5,7.5,8.6,24.7,21.5,6.5,17.2,17.2
596,2018,Blekinge,Götaland,Protected,8.34,75.8,0.0,0.0,10.1,6.1,2.0,17.6,22.3,16.9,5.4,9.5,9.5,24.4
597,2018,Skåne,Götaland,Protected,8.24,67.6,11.7,5.2,2.8,8.0,8.9,5.2,19.7,7.5,15.0,1.9,13.1,30.0
598,2018,Halland,Götaland,Protected,8.3,73.5,0.0,0.0,10.4,0.0,2.8,14.2,34.9,15.1,5.7,15.1,0.0,20.8
599,2018,Västra Götaland,Götaland,Protected,7.66,85.1,0.0,4.6,1.0,3.8,9.2,9.7,9.7,23.2,16.8,16.0,5.9,38.7
600,2018,Värmland,Svealand,Protected,6.7,94.9,2.6,1.8,4.1,4.9,2.4,10.8,8.7,13.4,14.0,13.8,23.5,37.3
601,2018,Orebro,Svealand,Protected,6.74,93.4,0.0,6.5,1.1,6.9,5.8,8.7,4.7,16.4,9.8,22.9,17.5,40.4
602,2018,Västmanland,Svealand,Protected,6.42,75.4,4.0,9.6,4.4,5.2,5.2,10.8,10.8,13.6,21.6,9.2,6.8,16.0
603,2018,Dalarna,Svealand,Protected,4.69,120.8,1.0,0.8,1.8,0.7,2.9,4.3,4.8,6.3,11.7,14.7,50.8,50.8
604,2018,Gävleborg,Södra Norrland,Protected,6.01,86.1,0.0,0.0,0.0,10.4,4.6,18.2,11.0,19.4,10.1,14.7,11.6,26.3
605,2018,Västernorrland,Södra Norrland,Protected,5.92,98.6,8.7,0.0,2.3,3.9,1.6,8.4,3.9,15.9,9.1,19.4,26.9,46.3
606,2018,Jämtland,Södra Norrland,Protected,4.23,139.3,0.0,0.9,0.0,0.8,0.0,1.2,1.9,2.8,4.5,11.5,76.4,76.4
607,2018,Västerbotten,Norra Norrland,Protected,3.73,128.7,0.0,0.0,0.9,1.1,1.9,4.0,3.5,2.7,15.1,11.3,59.7,59.7
608,2018,Norrbotten,Norra Norrland,Protected,2.93,132.6,0.1,0.1,0.1,0.3,0.7,0.7,3.2,9.8,9.1,14.2,61.6,61.6
609,2019,Stockholm,Svealand,Protected,7.11,110.1,0.0,0.0,0.0,0.0,5.3,4.5,19.5,16.5,5.3,19.5,30.8,55.6
610,2019,Uppsala,Svealand,Protected,6.66,95.4,0.0,0.0,4.5,0.0,4.9,11.4,11.7,13.3,26.9,11.0,15.5,26.5
611,2019,Södermanland,Svealand,Protected,7.72,84.9,12.7,0.0,0.0,0.0,4.8,21.1,8.4,15.7,4.2,8.4,24.7,37.3
612,2019,Östergötland,Svealand,Protected,7.96,81.2,0.0,5.6,4.9,0.0,4.2,14.1,19.0,23.2,14.8,0.0,14.1,28.9
613,2019,Jönköping,Götaland,Protected,7.15,75.8,0.0,0.0,1.9,3.8,0.0,43.4,13.2,13.2,13.2,13.2,0.0,26.4
614,2019,Kronoberg,Götaland,Protected,6.36,60.9,0.0,0.0,20.7,0.0,22.5,8.1,20.7,15.3,0.0,13.5,0.0,13.5
615,2019,Kalmar,Götaland,Protected,7.22,83.6,4.2,3.6,0.0,7.8,1.8,3.0,19.8,23.4,15.6,11.4,8.4,35.4
616,2019,Gotland,Götaland,Protected,4.17,98.6,0.0,0.0,0.0,6.2,7.2,7.2,8.2,27.8,12.4,7.2,24.7,24.7
617,2019,Blekinge,Götaland,Protected,8.34,83.6,0.0,0.0,4.7,13.4,0.0,10.2,13.4,29.1,6.3,11.8,11.0,29.1
618,2019,Skåne,Götaland,Protected,8.24,70.6,12.1,5.1,3.3,7.5,8.9,2.3,23.8,7.9,11.7,5.1,13.6,30.4
619,2019,Halland,Götaland,Protected,8.3,77.2,0.0,0.0,0.0,12.5,3.8,14.4,31.7,16.3,5.8,11.5,4.8,22.1
620,2019,Västra Götaland,Götaland,Protected,7.66,92.1,0.0,3.0,0.3,1.3,11.1,8.8,11.8,19.9,12.6,21.9,9.8,44.3
621,2019,Värmland,Svealand,Protected,6.7,94.7,2.9,0.0,6.3,5.0,1.5,9.6,9.2,15.2,12.5,12.5,24.6,37.1
622,2019,Orebro,Svealand,Protected,6.74,88.7,2.1,8.3,1.7,6.6,5.6,8.0,4.5,13.5,11.8,20.8,16.7,37.5
623,2019,Västmanland,Svealand,Protected,6.42,73.8,2.5,14.3,1.8,6.8,4.3,8.6,10.4,16.1,16.1,12.5,6.4,18.9
624,2019,Dalarna,Svealand,Protected,4.69,120.3,1.0,0.8,1.8,0.7,1.7,4.5,6.0,8.1,11.3,16.8,47.5,47.5
625,2019,Gävleborg,Södra Norrland,Protected,6.01,84.8,0.0,0.0,0.0,11.0,5.0,19.6,10.1,19.2,5.4,14.2,14.5,28.7
626,2019,Västernorrland,Södra Norrland,Protected,5.92,104.9,6.4,0.0,1.8,3.3,1.8,7.6,3.6,13.3,8.5,18.2,34.5,52.7
627,2019,Jämtland,Södra Norrland,Protected,4.23,140.1,0.0,1.5,0.0,0.9,0.0,0.4,2.1,1.7,2.6,12.7,78.2,78.2
628,2019,Västerbotten,Norra Norrland,Protected,3.73,129.1,0.0,0.0,0.8,1.1,1.1,3.9,4.2,3.5,13.6,11.4,60.4,60.4
629,2019,Norrbotten,Norra Norrland,Protected,2.93,132.3,0.1,0.1,0.4,0.3,0.7,0.1,4.1,9.1,10.9,12.4,61.7,61.7
