,Municipality Name,Measure,Vascular Plants,Lichens,Mushrooms,Mosses,Insects,Invertebrates,Birds,Mammals
0,Ale,All Species,193.0,341.0,830.0,178.0,557.0,7.0,101.0,26.0
1,Alingsås,All Species,235.0,423.0,1102.0,173.0,1142.0,30.0,104.0,28.0
2,Alvesta,All Species,220.0,306.0,858.0,157.0,1977.0,20.0,105.0,30.0
3,Aneby,All Species,235.0,186.0,660.0,107.0,897.0,13.0,107.0,28.0
4,Arboga,All Species,218.0,548.0,828.0,150.0,940.0,12.0,106.0,19.0
5,Arjeplog,All Species,280.0,483.0,410.0,145.0,716.0,11.0,106.0,18.0
6,Arvidsjaur,All Species,199.0,303.0,427.0,104.0,950.0,6.0,106.0,15.0
7,Arvika,All Species,270.0,373.0,592.0,180.0,1096.0,40.0,105.0,29.0
8,Askersund,All Species,258.0,498.0,1185.0,184.0,1237.0,41.0,106.0,21.0
9,Avesta,All Species,221.0,435.0,385.0,135.0,1048.0,5.0,105.0,22.0
10,Bengtsfors,All Species,260.0,467.0,940.0,222.0,1114.0,18.0,102.0,31.0
11,Berg,All Species,323.0,556.0,628.0,185.0,825.0,24.0,109.0,19.0
12,Bjurholm,All Species,156.0,151.0,356.0,95.0,968.0,5.0,106.0,10.0
13,Bjuv,All Species,196.0,104.0,468.0,93.0,384.0,45.0,95.0,12.0
14,Boden,All Species,191.0,259.0,563.0,129.0,1219.0,8.0,110.0,17.0
15,Bollebygd,All Species,178.0,141.0,390.0,109.0,419.0,9.0,98.0,19.0
16,Bollnäs,All Species,237.0,338.0,756.0,151.0,1323.0,33.0,109.0,23.0
17,Borgholm,All Species,264.0,543.0,1630.0,167.0,3111.0,50.0,110.0,29.0
18,Borlänge,All Species,202.0,275.0,878.0,125.0,1626.0,13.0,109.0,23.0
19,Borås,All Species,257.0,418.0,1137.0,191.0,1172.0,27.0,105.0,26.0
20,Botkyrka,All Species,225.0,359.0,955.0,173.0,1480.0,29.0,106.0,24.0
21,Boxholm,All Species,260.0,207.0,464.0,128.0,1623.0,47.0,99.0,20.0
22,Bromölla,All Species,209.0,144.0,409.0,110.0,740.0,47.0,102.0,24.0
23,Bräcke,All Species,249.0,268.0,859.0,159.0,1094.0,11.0,103.0,17.0
24,Burlöv,All Species,95.0,13.0,74.0,11.0,240.0,9.0,92.0,12.0
25,Båstad,All Species,218.0,356.0,671.0,175.0,1555.0,52.0,104.0,18.0
26,Dals-Ed,All Species,209.0,296.0,535.0,183.0,439.0,9.0,103.0,15.0
27,Danderyd,All Species,199.0,122.0,605.0,102.0,441.0,9.0,92.0,10.0
28,Degerfors,All Species,187.0,184.0,284.0,108.0,868.0,9.0,105.0,18.0
29,Dorotea,All Species,199.0,389.0,495.0,122.0,660.0,9.0,106.0,15.0
30,Eda,All Species,192.0,280.0,386.0,149.0,626.0,10.0,102.0,16.0
31,Ekerö,All Species,246.0,250.0,1094.0,137.0,1580.0,22.0,109.0,19.0
32,Eksjö,All Species,261.0,321.0,532.0,190.0,1369.0,16.0,107.0,27.0
33,Emmaboda,All Species,192.0,142.0,378.0,119.0,1099.0,14.0,101.0,31.0
34,Enköping,All Species,260.0,378.0,916.0,148.0,2386.0,25.0,109.0,30.0
35,Eskilstuna,All Species,268.0,466.0,916.0,162.0,1764.0,21.0,108.0,29.0
36,Eslöv,All Species,212.0,169.0,794.0,137.0,1555.0,52.0,103.0,30.0
37,Essunga,All Species,145.0,253.0,425.0,44.0,318.0,5.0,89.0,9.0
38,Fagersta,All Species,218.0,164.0,670.0,140.0,461.0,19.0,110.0,19.0
39,Falkenberg,All Species,228.0,407.0,534.0,183.0,1808.0,20.0,107.0,32.0
40,Falköping,All Species,225.0,461.0,1239.0,199.0,1203.0,39.0,104.0,34.0
41,Falun,All Species,284.0,391.0,925.0,161.0,1943.0,25.0,111.0,26.0
42,Filipstad,All Species,259.0,400.0,519.0,206.0,868.0,42.0,108.0,15.0
43,Finspång,All Species,310.0,328.0,1092.0,144.0,1663.0,45.0,107.0,23.0
44,Flen,All Species,252.0,427.0,1139.0,128.0,2039.0,25.0,104.0,28.0
45,Forshaga,All Species,215.0,228.0,366.0,131.0,1059.0,39.0,102.0,20.0
46,Färgelanda,All Species,202.0,172.0,807.0,159.0,1011.0,14.0,103.0,21.0
47,Gagnef,All Species,188.0,278.0,441.0,89.0,750.0,9.0,107.0,19.0
48,Gislaved,All Species,210.0,190.0,350.0,151.0,1402.0,17.0,106.0,24.0
49,Gnesta,All Species,236.0,267.0,1032.0,143.0,1342.0,11.0,103.0,24.0
50,Gnosjö,All Species,161.0,189.0,322.0,115.0,506.0,5.0,103.0,25.0
51,Gotland,All Species,302.0,746.0,1683.0,192.0,2949.0,55.0,109.0,29.0
52,Grums,All Species,217.0,142.0,147.0,114.0,655.0,23.0,103.0,14.0
53,Grästorp,All Species,155.0,300.0,916.0,136.0,295.0,15.0,104.0,18.0
54,Gullspång,All Species,190.0,107.0,1031.0,64.0,410.0,4.0,105.0,22.0
55,Gällivare,All Species,181.0,441.0,803.0,100.0,1251.0,8.0,108.0,20.0
56,Gävle,All Species,279.0,571.0,1087.0,197.0,2215.0,45.0,114.0,28.0
57,Göteborg,All Species,251.0,535.0,1436.0,193.0,2547.0,53.0,112.0,28.0
58,Götene,All Species,238.0,427.0,1637.0,192.0,1256.0,39.0,104.0,28.0
59,Habo,All Species,227.0,167.0,503.0,125.0,877.0,12.0,102.0,18.0
60,Hagfors,All Species,233.0,393.0,433.0,164.0,1047.0,10.0,103.0,18.0
61,Hallsberg,All Species,251.0,405.0,1188.0,182.0,1756.0,44.0,106.0,29.0
62,Hallstahammar,All Species,159.0,163.0,732.0,75.0,1140.0,13.0,105.0,19.0
63,Halmstad,All Species,254.0,457.0,1009.0,190.0,2843.0,38.0,110.0,34.0
64,Hammarö,All Species,100.0,64.0,365.0,43.0,707.0,12.0,111.0,18.0
65,Haninge,All Species,258.0,567.0,1016.0,194.0,2236.0,34.0,110.0,28.0
66,Haparanda,All Species,155.0,101.0,331.0,100.0,776.0,4.0,105.0,13.0
67,Heby,All Species,267.0,334.0,464.0,151.0,1393.0,15.0,108.0,20.0
68,Hedemora,All Species,209.0,391.0,699.0,117.0,1191.0,12.0,109.0,22.0
69,Helsingborg,All Species,215.0,254.0,1073.0,129.0,1453.0,58.0,104.0,26.0
70,Herrljunga,All Species,169.0,348.0,609.0,106.0,479.0,13.0,99.0,19.0
71,Hjo,All Species,174.0,108.0,587.0,86.0,335.0,5.0,105.0,20.0
72,Hofors,All Species,228.0,335.0,510.0,108.0,1611.0,41.0,105.0,18.0
73,Huddinge,All Species,225.0,330.0,1012.0,174.0,1607.0,43.0,107.0,29.0
74,Hudiksvall,All Species,291.0,405.0,644.0,179.0,1986.0,38.0,112.0,21.0
75,Hultsfred,All Species,297.0,265.0,490.0,176.0,1945.0,20.0,108.0,31.0
76,Hylte,All Species,210.0,376.0,1129.0,170.0,978.0,11.0,100.0,27.0
77,Hällefors,All Species,245.0,328.0,747.0,181.0,800.0,43.0,109.0,21.0
78,Härjedalen,All Species,384.0,871.0,1048.0,194.0,1242.0,18.0,109.0,21.0
79,Härnösand,All Species,261.0,354.0,771.0,157.0,1527.0,18.0,112.0,25.0
80,Härryda,All Species,197.0,351.0,726.0,179.0,1655.0,25.0,102.0,24.0
81,Hässleholm,All Species,234.0,326.0,989.0,187.0,2256.0,61.0,105.0,33.0
82,Håbo,All Species,207.0,215.0,662.0,96.0,1500.0,19.0,105.0,19.0
83,Höganäs,All Species,230.0,440.0,1105.0,156.0,1748.0,60.0,105.0,21.0
84,Högsby,All Species,245.0,260.0,504.0,150.0,2767.0,16.0,102.0,25.0
85,Hörby,All Species,202.0,180.0,649.0,130.0,1343.0,52.0,101.0,33.0
86,Höör,All Species,218.0,262.0,859.0,171.0,1801.0,50.0,103.0,32.0
87,Jokkmokk,All Species,232.0,784.0,1098.0,154.0,1478.0,10.0,110.0,21.0
88,Järfälla,All Species,165.0,139.0,644.0,86.0,942.0,44.0,105.0,22.0
89,Jönköping,All Species,327.0,436.0,944.0,217.0,2349.0,55.0,109.0,34.0
90,Kalix,All Species,182.0,109.0,473.0,99.0,1100.0,12.0,107.0,15.0
91,Kalmar,All Species,247.0,285.0,714.0,123.0,2800.0,27.0,108.0,33.0
92,Karlsborg,All Species,265.0,260.0,1065.0,128.0,1007.0,10.0,104.0,22.0
93,Karlshamn,All Species,231.0,324.0,580.0,164.0,2522.0,57.0,109.0,33.0
94,Karlskoga,All Species,231.0,279.0,646.0,132.0,879.0,12.0,108.0,20.0
95,Karlskrona,All Species,276.0,421.0,965.0,164.0,2350.0,52.0,111.0,31.0
96,Karlstad,All Species,252.0,353.0,711.0,190.0,1964.0,44.0,109.0,27.0
97,Katrineholm,All Species,300.0,454.0,1148.0,173.0,1487.0,30.0,107.0,27.0
98,Kil,All Species,219.0,187.0,193.0,143.0,477.0,42.0,104.0,19.0
99,Kinda,All Species,306.0,322.0,859.0,160.0,1713.0,51.0,104.0,30.0
100,Kiruna,All Species,220.0,778.0,811.0,158.0,1321.0,17.0,106.0,21.0
101,Klippan,All Species,205.0,294.0,1041.0,187.0,1402.0,54.0,103.0,28.0
102,Knivsta,All Species,231.0,439.0,1244.0,142.0,1714.0,24.0,108.0,22.0
103,Kramfors,All Species,261.0,395.0,732.0,169.0,1670.0,19.0,110.0,21.0
104,Kristianstad,All Species,256.0,406.0,1731.0,174.0,2766.0,65.0,109.0,35.0
105,Kristinehamn,All Species,196.0,337.0,661.0,90.0,1661.0,42.0,110.0,24.0
106,Krokom,All Species,270.0,477.0,772.0,155.0,837.0,30.0,109.0,19.0
107,Kumla,All Species,189.0,145.0,643.0,96.0,796.0,13.0,105.0,20.0
108,Kungsbacka,All Species,213.0,520.0,967.0,175.0,2366.0,31.0,112.0,28.0
109,Kungsör,All Species,224.0,201.0,461.0,71.0,953.0,6.0,102.0,18.0
110,Kungälv,All Species,217.0,470.0,629.0,187.0,1004.0,33.0,109.0,25.0
111,Kävlinge,All Species,150.0,74.0,317.0,58.0,752.0,36.0,103.0,15.0
112,Köping,All Species,188.0,138.0,770.0,121.0,744.0,12.0,107.0,21.0
113,Laholm,All Species,224.0,322.0,818.0,177.0,2213.0,48.0,104.0,22.0
114,Landskrona,All Species,168.0,93.0,138.0,63.0,839.0,41.0,98.0,18.0
115,Laxå,All Species,234.0,312.0,384.0,127.0,1060.0,18.0,102.0,19.0
116,Lekeberg,All Species,244.0,274.0,1114.0,201.0,1153.0,39.0,107.0,25.0
117,Leksand,All Species,232.0,333.0,784.0,98.0,1085.0,15.0,108.0,21.0
118,Lerum,All Species,205.0,370.0,650.0,170.0,721.0,10.0,105.0,26.0
119,Lessebo,All Species,189.0,98.0,217.0,86.0,847.0,9.0,96.0,16.0
120,Lidingö,All Species,236.0,119.0,554.0,81.0,1153.0,22.0,103.0,10.0
121,Lidköping,All Species,196.0,382.0,650.0,128.0,746.0,13.0,105.0,23.0
122,Lilla Edet,All Species,207.0,386.0,810.0,162.0,315.0,6.0,104.0,22.0
123,Lindesberg,All Species,237.0,320.0,955.0,166.0,1744.0,38.0,109.0,25.0
124,Linköping,All Species,321.0,425.0,1334.0,189.0,2828.0,55.0,111.0,34.0
125,Ljungby,All Species,238.0,280.0,670.0,173.0,1673.0,20.0,106.0,31.0
126,Ljusdal,All Species,286.0,511.0,634.0,170.0,1690.0,37.0,107.0,20.0
127,Ljusnarsberg,All Species,216.0,205.0,350.0,142.0,1277.0,28.0,106.0,15.0
128,Lomma,All Species,159.0,64.0,356.0,58.0,1006.0,34.0,103.0,20.0
129,Ludvika,All Species,281.0,666.0,786.0,167.0,1254.0,16.0,111.0,28.0
130,Luleå,All Species,176.0,149.0,699.0,117.0,1486.0,11.0,109.0,22.0
131,Lund,All Species,233.0,298.0,1202.0,157.0,3101.0,56.0,104.0,34.0
132,Lycksele,All Species,193.0,185.0,482.0,114.0,1310.0,14.0,105.0,15.0
133,Lysekil,All Species,203.0,500.0,713.0,101.0,798.0,32.0,106.0,18.0
134,Malmö,All Species,165.0,113.0,483.0,50.0,1728.0,32.0,103.0,28.0
135,Malung-Sälen,All Species,328.0,497.0,631.0,169.0,1096.0,11.0,110.0,20.0
136,Malå,All Species,137.0,121.0,150.0,46.0,231.0,1.0,104.0,13.0
137,Mariestad,All Species,198.0,334.0,865.0,99.0,620.0,11.0,108.0,27.0
138,Mark,All Species,216.0,351.0,945.0,181.0,1559.0,18.0,107.0,29.0
139,Markaryd,All Species,170.0,107.0,182.0,107.0,482.0,12.0,101.0,21.0
140,Mellerud,All Species,283.0,507.0,1257.0,215.0,1243.0,27.0,103.0,27.0
141,Mjölby,All Species,253.0,80.0,490.0,73.0,1065.0,46.0,105.0,22.0
142,Mora,All Species,250.0,390.0,960.0,143.0,1458.0,16.0,110.0,21.0
143,Motala,All Species,275.0,279.0,874.0,200.0,1887.0,52.0,108.0,24.0
144,Mullsjö,All Species,230.0,167.0,291.0,143.0,414.0,3.0,98.0,18.0
145,Munkedal,All Species,209.0,310.0,576.0,158.0,440.0,8.0,100.0,22.0
146,Munkfors,All Species,139.0,450.0,44.0,58.0,144.0,2.0,93.0,4.0
147,Mölndal,All Species,191.0,339.0,464.0,146.0,1220.0,15.0,105.0,20.0
148,Mönsterås,All Species,219.0,213.0,401.0,98.0,2186.0,14.0,108.0,27.0
149,Mörbylånga,All Species,240.0,568.0,1394.0,151.0,3034.0,46.0,108.0,31.0
150,Nacka,All Species,276.0,363.0,1003.0,182.0,1393.0,20.0,107.0,25.0
151,Nora,All Species,223.0,348.0,1107.0,196.0,1746.0,40.0,109.0,26.0
152,Norberg,All Species,203.0,122.0,526.0,145.0,988.0,25.0,107.0,20.0
153,Nordanstig,All Species,251.0,331.0,689.0,150.0,1066.0,32.0,111.0,18.0
154,Nordmaling,All Species,153.0,171.0,443.0,91.0,1381.0,5.0,110.0,24.0
155,Norrköping,All Species,336.0,588.0,1315.0,206.0,2561.0,53.0,112.0,31.0
156,Norrtälje,All Species,315.0,664.0,1345.0,195.0,2698.0,40.0,114.0,30.0
157,Norsjö,All Species,141.0,317.0,241.0,76.0,523.0,6.0,102.0,11.0
158,Nybro,All Species,243.0,269.0,741.0,161.0,3143.0,35.0,102.0,34.0
159,Nykvarn,All Species,199.0,160.0,463.0,109.0,749.0,10.0,103.0,17.0
160,Nyköping,All Species,274.0,353.0,1108.0,193.0,2105.0,31.0,115.0,29.0
161,Nynäshamn,All Species,230.0,415.0,749.0,173.0,1741.0,35.0,113.0,28.0
162,Nässjö,All Species,296.0,295.0,663.0,168.0,1175.0,38.0,105.0,28.0
163,Ockelbo,All Species,213.0,220.0,283.0,90.0,821.0,26.0,106.0,15.0
164,Olofström,All Species,213.0,249.0,767.0,175.0,1188.0,47.0,96.0,21.0
165,Orsa,All Species,243.0,310.0,721.0,128.0,1149.0,12.0,110.0,21.0
166,Orust,All Species,207.0,460.0,552.0,161.0,1267.0,23.0,108.0,22.0
167,Osby,All Species,218.0,241.0,643.0,135.0,761.0,43.0,99.0,22.0
168,Oskarshamn,All Species,282.0,461.0,680.0,142.0,2087.0,18.0,108.0,29.0
169,Ovanåker,All Species,204.0,260.0,277.0,138.0,976.0,32.0,107.0,14.0
170,Oxelösund,All Species,154.0,264.0,610.0,83.0,726.0,10.0,109.0,13.0
171,Pajala,All Species,168.0,161.0,306.0,119.0,840.0,3.0,103.0,13.0
172,Partille,All Species,192.0,282.0,578.0,133.0,855.0,13.0,98.0,20.0
173,Perstorp,All Species,163.0,90.0,259.0,42.0,226.0,34.0,94.0,6.0
174,Piteå,All Species,211.0,241.0,509.0,73.0,1179.0,6.0,113.0,17.0
175,Ragunda,All Species,205.0,312.0,465.0,132.0,1080.0,10.0,104.0,16.0
176,Robertsfors,All Species,143.0,208.0,508.0,63.0,1207.0,14.0,109.0,19.0
177,Ronneby,All Species,236.0,431.0,831.0,139.0,2386.0,56.0,106.0,34.0
178,Rättvik,All Species,294.0,484.0,908.0,165.0,1483.0,27.0,110.0,18.0
179,Sala,All Species,237.0,433.0,974.0,169.0,1799.0,24.0,110.0,25.0
180,Salem,All Species,219.0,199.0,702.0,134.0,442.0,29.0,102.0,19.0
181,Sandviken,All Species,236.0,362.0,681.0,161.0,1888.0,42.0,110.0,26.0
182,Sigtuna,All Species,249.0,310.0,702.0,96.0,1157.0,24.0,107.0,22.0
183,Simrishamn,All Species,220.0,299.0,1053.0,152.0,2126.0,61.0,107.0,29.0
184,Sjöbo,All Species,215.0,167.0,1030.0,125.0,1943.0,58.0,103.0,35.0
185,Skara,All Species,210.0,312.0,1240.0,167.0,1391.0,50.0,106.0,32.0
186,Skellefteå,All Species,203.0,369.0,634.0,137.0,1564.0,8.0,113.0,16.0
187,Skinnskatteberg,All Species,214.0,173.0,639.0,168.0,1224.0,38.0,109.0,16.0
188,Skurup,All Species,192.0,80.0,442.0,69.0,846.0,49.0,103.0,21.0
189,Skövde,All Species,258.0,408.0,1630.0,192.0,1996.0,51.0,106.0,31.0
190,Smedjebacken,All Species,230.0,418.0,612.0,142.0,1563.0,9.0,106.0,21.0
191,Sollefteå,All Species,244.0,316.0,988.0,147.0,1271.0,15.0,108.0,22.0
192,Sollentuna,All Species,218.0,189.0,580.0,100.0,1660.0,15.0,108.0,19.0
193,Solna,All Species,228.0,152.0,758.0,114.0,1172.0,24.0,97.0,20.0
194,Sorsele,All Species,221.0,297.0,424.0,93.0,740.0,21.0,111.0,16.0
195,Sotenäs,All Species,199.0,321.0,622.0,165.0,1247.0,23.0,105.0,19.0
196,Staffanstorp,All Species,118.0,42.0,39.0,21.0,505.0,19.0,95.0,20.0
197,Stenungsund,All Species,210.0,478.0,586.0,162.0,1078.0,12.0,106.0,22.0
198,Stockholm,All Species,313.0,406.0,1464.0,179.0,2511.0,39.0,111.0,29.0
199,Storfors,All Species,141.0,148.0,154.0,51.0,958.0,6.0,107.0,16.0
200,Storuman,All Species,238.0,733.0,769.0,152.0,787.0,20.0,108.0,19.0
201,Strängnäs,All Species,289.0,305.0,1078.0,161.0,2031.0,23.0,107.0,26.0
202,Strömstad,All Species,204.0,484.0,377.0,152.0,1494.0,15.0,107.0,18.0
203,Strömsund,All Species,270.0,605.0,806.0,186.0,1170.0,16.0,110.0,20.0
204,Sundbyberg,All Species,123.0,57.0,234.0,41.0,248.0,9.0,90.0,18.0
205,Sundsvall,All Species,335.0,465.0,1231.0,175.0,1971.0,15.0,112.0,25.0
206,Sunne,All Species,233.0,317.0,352.0,172.0,673.0,39.0,107.0,15.0
207,Surahammar,All Species,245.0,304.0,1387.0,138.0,1737.0,24.0,108.0,26.0
208,Svalöv,All Species,211.0,300.0,948.0,180.0,1357.0,55.0,106.0,25.0
209,Svedala,All Species,202.0,140.0,707.0,107.0,1736.0,50.0,102.0,22.0
210,Svenljunga,All Species,202.0,214.0,250.0,119.0,498.0,11.0,101.0,18.0
211,Säffle,All Species,277.0,438.0,507.0,160.0,831.0,45.0,110.0,20.0
212,Säter,All Species,259.0,289.0,654.0,117.0,1072.0,13.0,104.0,26.0
213,Sävsjö,All Species,250.0,218.0,241.0,77.0,1189.0,6.0,99.0,23.0
214,Söderhamn,All Species,267.0,512.0,825.0,146.0,1285.0,41.0,112.0,21.0
215,Söderköping,All Species,255.0,335.0,776.0,110.0,1812.0,44.0,105.0,21.0
216,Södertälje,All Species,288.0,471.0,1230.0,184.0,1384.0,34.0,110.0,26.0
217,Sölvesborg,All Species,205.0,211.0,621.0,100.0,1809.0,54.0,107.0,22.0
218,Tanum,All Species,224.0,402.0,962.0,154.0,983.0,37.0,109.0,23.0
219,Tibro,All Species,156.0,33.0,531.0,56.0,284.0,3.0,104.0,17.0
220,Tidaholm,All Species,204.0,156.0,790.0,141.0,928.0,33.0,103.0,20.0
221,Tierp,All Species,304.0,306.0,975.0,149.0,1934.0,23.0,113.0,27.0
222,Timrå,All Species,213.0,273.0,1024.0,89.0,1644.0,13.0,110.0,20.0
223,Tingsryd,All Species,224.0,220.0,433.0,116.0,1603.0,10.0,100.0,30.0
224,Tjörn,All Species,193.0,386.0,630.0,139.0,644.0,16.0,102.0,20.0
225,Tomelilla,All Species,226.0,209.0,1005.0,137.0,1484.0,54.0,101.0,32.0
226,Torsby,All Species,274.0,602.0,811.0,186.0,1415.0,40.0,111.0,25.0
227,Torsås,All Species,195.0,169.0,480.0,103.0,742.0,15.0,101.0,28.0
228,Tranemo,All Species,197.0,172.0,530.0,88.0,1196.0,12.0,106.0,23.0
229,Tranås,All Species,244.0,131.0,361.0,128.0,1117.0,22.0,102.0,27.0
230,Trelleborg,All Species,188.0,77.0,197.0,61.0,736.0,43.0,101.0,21.0
231,Trollhättan,All Species,216.0,413.0,1255.0,145.0,797.0,30.0,106.0,23.0
232,Trosa,All Species,226.0,361.0,720.0,142.0,901.0,16.0,105.0,22.0
233,Tyresö,All Species,200.0,408.0,652.0,177.0,1021.0,27.0,105.0,22.0
234,Täby,All Species,168.0,90.0,427.0,90.0,1046.0,11.0,101.0,16.0
235,Töreboda,All Species,183.0,164.0,730.0,81.0,270.0,7.0,102.0,26.0
236,Uddevalla,All Species,248.0,506.0,1149.0,178.0,1974.0,38.0,110.0,25.0
237,Ulricehamn,All Species,228.0,369.0,932.0,117.0,1356.0,26.0,105.0,30.0
238,Umeå,All Species,224.0,531.0,1262.0,162.0,2304.0,24.0,116.0,28.0
239,Upplands Väsby,All Species,208.0,158.0,505.0,102.0,820.0,8.0,103.0,16.0
240,Upplands-Bro,All Species,218.0,234.0,728.0,92.0,1333.0,16.0,106.0,22.0
241,Uppsala,All Species,360.0,834.0,2137.0,210.0,3263.0,47.0,114.0,31.0
242,Uppvidinge,All Species,243.0,205.0,722.0,128.0,1668.0,21.0,100.0,26.0
243,Vadstena,All Species,229.0,213.0,458.0,140.0,1189.0,50.0,105.0,21.0
244,Vaggeryd,All Species,236.0,258.0,305.0,133.0,1220.0,12.0,106.0,26.0
245,Valdemarsvik,All Species,256.0,267.0,766.0,81.0,1541.0,47.0,108.0,25.0
246,Vallentuna,All Species,219.0,367.0,666.0,143.0,1940.0,17.0,109.0,24.0
247,Vansbro,All Species,199.0,322.0,355.0,86.0,1361.0,6.0,109.0,14.0
248,Vara,All Species,164.0,232.0,267.0,95.0,428.0,6.0,98.0,17.0
249,Varberg,All Species,225.0,363.0,700.0,173.0,2327.0,31.0,108.0,31.0
250,Vaxholm,All Species,207.0,70.0,287.0,85.0,1018.0,8.0,103.0,14.0
251,Vellinge,All Species,170.0,68.0,363.0,41.0,1253.0,35.0,107.0,26.0
252,Vetlanda,All Species,312.0,311.0,573.0,184.0,2209.0,18.0,105.0,31.0
253,Vilhelmina,All Species,247.0,540.0,587.0,124.0,770.0,18.0,109.0,18.0
254,Vimmerby,All Species,265.0,226.0,575.0,164.0,1101.0,9.0,101.0,25.0
255,Vindeln,All Species,196.0,242.0,646.0,118.0,1463.0,6.0,101.0,18.0
256,Vingåker,All Species,195.0,212.0,835.0,104.0,355.0,13.0,106.0,20.0
257,Vänersborg,All Species,258.0,516.0,1531.0,201.0,1510.0,40.0,110.0,31.0
258,Vännäs,All Species,156.0,129.0,470.0,57.0,547.0,7.0,105.0,20.0
259,Värmdö,All Species,286.0,531.0,1328.0,186.0,1634.0,24.0,111.0,29.0
260,Värnamo,All Species,223.0,273.0,794.0,108.0,1872.0,16.0,108.0,27.0
261,Västervik,All Species,298.0,387.0,871.0,162.0,2165.0,24.0,110.0,30.0
262,Västerås,All Species,238.0,343.0,1306.0,135.0,2334.0,30.0,109.0,34.0
263,Växjö,All Species,280.0,344.0,1079.0,183.0,2029.0,24.0,107.0,32.0
264,Vårgårda,All Species,179.0,284.0,638.0,113.0,430.0,6.0,102.0,21.0
265,Ydre,All Species,288.0,270.0,380.0,159.0,1083.0,42.0,102.0,22.0
266,Ystad,All Species,212.0,156.0,810.0,118.0,1637.0,55.0,104.0,30.0
267,Älmhult,All Species,205.0,216.0,801.0,147.0,1519.0,32.0,103.0,29.0
268,Älvdalen,All Species,325.0,759.0,724.0,180.0,1086.0,14.0,110.0,22.0
269,Älvkarleby,All Species,270.0,325.0,1049.0,128.0,2100.0,25.0,110.0,17.0
270,Älvsbyn,All Species,174.0,183.0,298.0,90.0,506.0,4.0,105.0,14.0
271,Ängelholm,All Species,215.0,198.0,691.0,169.0,1423.0,50.0,103.0,27.0
272,Åmål,All Species,283.0,448.0,867.0,217.0,1618.0,17.0,102.0,27.0
273,Ånge,All Species,282.0,315.0,1266.0,179.0,1330.0,20.0,105.0,18.0
274,Åre,All Species,312.0,1031.0,1000.0,201.0,901.0,26.0,109.0,24.0
275,Årjäng,All Species,193.0,392.0,601.0,140.0,500.0,41.0,98.0,9.0
276,Åsele,All Species,174.0,308.0,386.0,105.0,1393.0,4.0,104.0,17.0
277,Åstorp,All Species,158.0,81.0,353.0,99.0,405.0,42.0,93.0,11.0
278,Åtvidaberg,All Species,286.0,199.0,756.0,132.0,1227.0,48.0,103.0,23.0
279,Öckerö,All Species,164.0,228.0,203.0,51.0,534.0,17.0,102.0,17.0
280,Ödeshög,All Species,283.0,548.0,937.0,171.0,2502.0,57.0,108.0,29.0
281,Örebro,All Species,295.0,638.0,1622.0,223.0,2388.0,50.0,112.0,34.0
282,Örkelljunga,All Species,190.0,149.0,609.0,112.0,636.0,39.0,102.0,18.0
283,Örnsköldsvik,All Species,232.0,455.0,661.0,158.0,2075.0,13.0,112.0,21.0
284,Östersund,All Species,281.0,337.0,867.0,134.0,1169.0,24.0,111.0,19.0
285,Österåker,All Species,264.0,325.0,996.0,156.0,1904.0,22.0,108.0,22.0
286,Östhammar,All Species,297.0,537.0,1040.0,144.0,2246.0,37.0,113.0,27.0
287,Östra Göinge,All Species,227.0,263.0,699.0,174.0,876.0,52.0,98.0,23.0
288,Överkalix,All Species,160.0,122.0,317.0,94.0,817.0,3.0,100.0,15.0
289,Övertorneå,All Species,162.0,172.0,352.0,129.0,762.0,2.0,107.0,14.0
290,Ale,Redlisted Species,12.0,27.0,58.0,14.0,10.0,0.0,31.0,9.0
291,Alingsås,Redlisted Species,22.0,43.0,91.0,15.0,23.0,2.0,34.0,6.0
292,Alvesta,Redlisted Species,21.0,42.0,57.0,8.0,79.0,1.0,34.0,8.0
293,Aneby,Redlisted Species,27.0,20.0,34.0,2.0,13.0,0.0,36.0,8.0
294,Arboga,Redlisted Species,16.0,37.0,81.0,15.0,25.0,0.0,35.0,2.0
295,Arjeplog,Redlisted Species,83.0,38.0,83.0,14.0,47.0,0.0,36.0,3.0
296,Arvidsjaur,Redlisted Species,26.0,40.0,91.0,11.0,73.0,0.0,36.0,3.0
297,Arvika,Redlisted Species,54.0,38.0,58.0,18.0,34.0,0.0,32.0,5.0
298,Askersund,Redlisted Species,29.0,38.0,121.0,18.0,30.0,0.0,33.0,4.0
299,Avesta,Redlisted Species,29.0,36.0,49.0,12.0,47.0,0.0,34.0,4.0
300,Bengtsfors,Redlisted Species,35.0,37.0,88.0,29.0,23.0,0.0,29.0,9.0
301,Berg,Redlisted Species,69.0,62.0,88.0,24.0,39.0,0.0,38.0,4.0
302,Bjurholm,Redlisted Species,8.0,36.0,75.0,13.0,46.0,0.0,34.0,2.0
303,Bjuv,Redlisted Species,19.0,17.0,32.0,2.0,12.0,1.0,28.0,1.0
304,Boden,Redlisted Species,13.0,46.0,109.0,16.0,113.0,0.0,39.0,3.0
305,Bollebygd,Redlisted Species,8.0,21.0,24.0,7.0,1.0,0.0,31.0,5.0
306,Bollnäs,Redlisted Species,29.0,41.0,82.0,13.0,42.0,0.0,36.0,4.0
307,Borgholm,Redlisted Species,44.0,55.0,304.0,16.0,278.0,2.0,38.0,8.0
308,Borlänge,Redlisted Species,25.0,31.0,98.0,7.0,45.0,1.0,36.0,3.0
309,Borås,Redlisted Species,29.0,35.0,85.0,17.0,24.0,0.0,33.0,6.0
310,Botkyrka,Redlisted Species,22.0,24.0,111.0,12.0,30.0,1.0,35.0,7.0
311,Boxholm,Redlisted Species,34.0,41.0,67.0,9.0,71.0,1.0,29.0,3.0
312,Bromölla,Redlisted Species,20.0,13.0,17.0,2.0,37.0,2.0,31.0,7.0
313,Bräcke,Redlisted Species,31.0,55.0,131.0,20.0,83.0,0.0,34.0,4.0
314,Burlöv,Redlisted Species,9.0,0.0,3.0,0.0,3.0,0.0,28.0,2.0
315,Båstad,Redlisted Species,22.0,45.0,32.0,13.0,84.0,1.0,33.0,2.0
316,Dals-Ed,Redlisted Species,24.0,32.0,54.0,18.0,18.0,0.0,30.0,2.0
317,Danderyd,Redlisted Species,16.0,11.0,53.0,3.0,17.0,0.0,28.0,1.0
318,Degerfors,Redlisted Species,14.0,18.0,28.0,9.0,14.0,0.0,32.0,2.0
319,Dorotea,Redlisted Species,17.0,55.0,83.0,8.0,36.0,0.0,36.0,2.0
320,Eda,Redlisted Species,24.0,34.0,35.0,16.0,14.0,0.0,32.0,1.0
321,Ekerö,Redlisted Species,28.0,18.0,150.0,3.0,84.0,1.0,36.0,3.0
322,Eksjö,Redlisted Species,36.0,37.0,43.0,17.0,30.0,0.0,35.0,8.0
323,Emmaboda,Redlisted Species,12.0,11.0,21.0,5.0,41.0,1.0,31.0,9.0
324,Enköping,Redlisted Species,32.0,31.0,130.0,8.0,128.0,0.0,37.0,6.0
325,Eskilstuna,Redlisted Species,33.0,33.0,102.0,9.0,85.0,0.0,37.0,8.0
326,Eslöv,Redlisted Species,29.0,17.0,78.0,7.0,86.0,3.0,31.0,10.0
327,Essunga,Redlisted Species,7.0,6.0,3.0,1.0,4.0,0.0,24.0,1.0
328,Fagersta,Redlisted Species,26.0,13.0,67.0,10.0,10.0,0.0,38.0,3.0
329,Falkenberg,Redlisted Species,20.0,48.0,27.0,16.0,46.0,0.0,35.0,9.0
330,Falköping,Redlisted Species,20.0,20.0,119.0,22.0,25.0,1.0,34.0,8.0
331,Falun,Redlisted Species,46.0,39.0,90.0,12.0,71.0,0.0,37.0,3.0
332,Filipstad,Redlisted Species,40.0,28.0,55.0,25.0,21.0,1.0,35.0,3.0
333,Finspång,Redlisted Species,54.0,38.0,125.0,12.0,78.0,0.0,36.0,5.0
334,Flen,Redlisted Species,27.0,38.0,128.0,6.0,88.0,0.0,34.0,5.0
335,Forshaga,Redlisted Species,27.0,25.0,43.0,9.0,32.0,0.0,31.0,3.0
336,Färgelanda,Redlisted Species,16.0,27.0,38.0,11.0,16.0,0.0,31.0,3.0
337,Gagnef,Redlisted Species,13.0,29.0,53.0,4.0,36.0,0.0,34.0,3.0
338,Gislaved,Redlisted Species,10.0,26.0,15.0,10.0,12.0,0.0,34.0,7.0
339,Gnesta,Redlisted Species,19.0,21.0,97.0,8.0,72.0,0.0,33.0,4.0
340,Gnosjö,Redlisted Species,6.0,18.0,12.0,5.0,2.0,0.0,33.0,7.0
341,Gotland,Redlisted Species,64.0,79.0,323.0,24.0,214.0,5.0,37.0,11.0
342,Grums,Redlisted Species,26.0,15.0,24.0,5.0,15.0,0.0,32.0,3.0
343,Grästorp,Redlisted Species,8.0,15.0,66.0,7.0,10.0,1.0,33.0,3.0
344,Gullspång,Redlisted Species,15.0,3.0,97.0,0.0,3.0,0.0,34.0,5.0
345,Gällivare,Redlisted Species,25.0,39.0,107.0,8.0,94.0,0.0,38.0,3.0
346,Gävle,Redlisted Species,40.0,64.0,132.0,22.0,110.0,1.0,39.0,6.0
347,Göteborg,Redlisted Species,42.0,24.0,117.0,16.0,98.0,3.0,38.0,6.0
348,Götene,Redlisted Species,27.0,31.0,251.0,21.0,72.0,1.0,33.0,7.0
349,Habo,Redlisted Species,24.0,19.0,44.0,8.0,13.0,1.0,32.0,3.0
350,Hagfors,Redlisted Species,27.0,40.0,53.0,22.0,36.0,0.0,31.0,3.0
351,Hallsberg,Redlisted Species,31.0,36.0,133.0,15.0,58.0,1.0,34.0,5.0
352,Hallstahammar,Redlisted Species,8.0,18.0,68.0,1.0,104.0,0.0,34.0,3.0
353,Halmstad,Redlisted Species,30.0,51.0,82.0,20.0,123.0,2.0,37.0,10.0
354,Hammarö,Redlisted Species,5.0,3.0,16.0,1.0,7.0,0.0,40.0,2.0
355,Haninge,Redlisted Species,27.0,38.0,114.0,15.0,88.0,0.0,38.0,7.0
356,Haparanda,Redlisted Species,7.0,13.0,36.0,4.0,28.0,0.0,37.0,1.0
357,Heby,Redlisted Species,39.0,37.0,75.0,18.0,66.0,1.0,36.0,3.0
358,Hedemora,Redlisted Species,22.0,32.0,70.0,5.0,42.0,0.0,37.0,4.0
359,Helsingborg,Redlisted Species,31.0,20.0,86.0,8.0,83.0,5.0,35.0,7.0
360,Herrljunga,Redlisted Species,10.0,23.0,28.0,8.0,8.0,1.0,29.0,4.0
361,Hjo,Redlisted Species,11.0,8.0,37.0,1.0,6.0,0.0,33.0,4.0
362,Hofors,Redlisted Species,25.0,11.0,52.0,9.0,28.0,0.0,33.0,4.0
363,Huddinge,Redlisted Species,22.0,20.0,139.0,11.0,67.0,0.0,35.0,8.0
364,Hudiksvall,Redlisted Species,44.0,53.0,117.0,17.0,95.0,0.0,39.0,4.0
365,Hultsfred,Redlisted Species,45.0,27.0,67.0,12.0,98.0,1.0,36.0,9.0
366,Hylte,Redlisted Species,14.0,53.0,92.0,9.0,25.0,0.0,30.0,8.0
367,Hällefors,Redlisted Species,33.0,27.0,82.0,20.0,18.0,1.0,35.0,6.0
368,Härjedalen,Redlisted Species,100.0,80.0,125.0,26.0,55.0,0.0,36.0,4.0
369,Härnösand,Redlisted Species,40.0,41.0,108.0,13.0,49.0,0.0,39.0,4.0
370,Härryda,Redlisted Species,12.0,26.0,51.0,18.0,41.0,0.0,32.0,7.0
371,Hässleholm,Redlisted Species,30.0,33.0,68.0,12.0,110.0,5.0,33.0,11.0
372,Håbo,Redlisted Species,12.0,19.0,126.0,5.0,82.0,0.0,34.0,3.0
373,Höganäs,Redlisted Species,37.0,34.0,86.0,11.0,85.0,5.0,34.0,3.0
374,Högsby,Redlisted Species,28.0,41.0,80.0,10.0,240.0,0.0,32.0,9.0
375,Hörby,Redlisted Species,19.0,18.0,53.0,3.0,49.0,3.0,30.0,10.0
376,Höör,Redlisted Species,25.0,27.0,79.0,11.0,87.0,3.0,32.0,11.0
377,Jokkmokk,Redlisted Species,51.0,65.0,153.0,25.0,130.0,0.0,40.0,4.0
378,Järfälla,Redlisted Species,10.0,13.0,71.0,1.0,27.0,1.0,34.0,4.0
379,Jönköping,Redlisted Species,60.0,52.0,96.0,28.0,88.0,3.0,37.0,10.0
380,Kalix,Redlisted Species,7.0,24.0,88.0,5.0,64.0,0.0,37.0,2.0
381,Kalmar,Redlisted Species,34.0,30.0,87.0,2.0,223.0,2.0,37.0,10.0
382,Karlsborg,Redlisted Species,31.0,20.0,91.0,8.0,30.0,0.0,34.0,5.0
383,Karlshamn,Redlisted Species,25.0,35.0,56.0,7.0,135.0,4.0,36.0,10.0
384,Karlskoga,Redlisted Species,27.0,31.0,71.0,11.0,9.0,0.0,35.0,4.0
385,Karlskrona,Redlisted Species,39.0,34.0,111.0,8.0,149.0,1.0,38.0,8.0
386,Karlstad,Redlisted Species,30.0,26.0,68.0,11.0,62.0,0.0,37.0,5.0
387,Katrineholm,Redlisted Species,46.0,41.0,124.0,14.0,67.0,0.0,35.0,5.0
388,Kil,Redlisted Species,31.0,11.0,21.0,8.0,8.0,0.0,33.0,3.0
389,Kinda,Redlisted Species,57.0,45.0,91.0,12.0,84.0,3.0,33.0,7.0
390,Kiruna,Redlisted Species,46.0,47.0,97.0,20.0,78.0,0.0,37.0,3.0
391,Klippan,Redlisted Species,15.0,37.0,86.0,14.0,89.0,2.0,33.0,8.0
392,Knivsta,Redlisted Species,22.0,36.0,153.0,5.0,62.0,1.0,36.0,3.0
393,Kramfors,Redlisted Species,36.0,37.0,90.0,14.0,59.0,0.0,37.0,4.0
394,Kristianstad,Redlisted Species,43.0,38.0,277.0,10.0,181.0,7.0,37.0,10.0
395,Kristinehamn,Redlisted Species,17.0,29.0,46.0,4.0,35.0,0.0,37.0,5.0
396,Krokom,Redlisted Species,36.0,62.0,115.0,15.0,22.0,0.0,38.0,4.0
397,Kumla,Redlisted Species,12.0,4.0,33.0,2.0,12.0,0.0,33.0,3.0
398,Kungsbacka,Redlisted Species,19.0,51.0,59.0,11.0,91.0,2.0,39.0,6.0
399,Kungsör,Redlisted Species,23.0,25.0,37.0,6.0,54.0,0.0,32.0,3.0
400,Kungälv,Redlisted Species,27.0,44.0,40.0,17.0,26.0,0.0,36.0,4.0
401,Kävlinge,Redlisted Species,16.0,1.0,9.0,1.0,16.0,0.0,33.0,1.0
402,Köping,Redlisted Species,14.0,17.0,76.0,11.0,36.0,0.0,34.0,2.0
403,Laholm,Redlisted Species,23.0,35.0,50.0,11.0,74.0,2.0,33.0,6.0
404,Landskrona,Redlisted Species,25.0,1.0,4.0,6.0,22.0,1.0,30.0,2.0
405,Laxå,Redlisted Species,28.0,16.0,49.0,11.0,15.0,0.0,33.0,4.0
406,Lekeberg,Redlisted Species,27.0,38.0,140.0,16.0,35.0,1.0,35.0,4.0
407,Leksand,Redlisted Species,32.0,42.0,112.0,7.0,70.0,0.0,35.0,3.0
408,Lerum,Redlisted Species,18.0,36.0,49.0,11.0,21.0,0.0,34.0,6.0
409,Lessebo,Redlisted Species,13.0,10.0,15.0,2.0,25.0,0.0,26.0,4.0
410,Lidingö,Redlisted Species,24.0,1.0,49.0,4.0,29.0,0.0,32.0,1.0
411,Lidköping,Redlisted Species,15.0,23.0,32.0,7.0,19.0,0.0,35.0,5.0
412,Lilla Edet,Redlisted Species,15.0,31.0,57.0,10.0,6.0,1.0,34.0,7.0
413,Lindesberg,Redlisted Species,26.0,29.0,100.0,20.0,60.0,1.0,36.0,5.0
414,Linköping,Redlisted Species,53.0,50.0,196.0,15.0,191.0,1.0,37.0,10.0
415,Ljungby,Redlisted Species,32.0,38.0,48.0,8.0,70.0,0.0,34.0,9.0
416,Ljusdal,Redlisted Species,41.0,59.0,107.0,17.0,108.0,0.0,34.0,4.0
417,Ljusnarsberg,Redlisted Species,34.0,23.0,35.0,14.0,26.0,1.0,33.0,4.0
418,Lomma,Redlisted Species,17.0,1.0,24.0,1.0,42.0,0.0,33.0,3.0
419,Ludvika,Redlisted Species,54.0,56.0,141.0,12.0,56.0,0.0,38.0,4.0
420,Luleå,Redlisted Species,13.0,31.0,119.0,10.0,96.0,0.0,38.0,3.0
421,Lund,Redlisted Species,37.0,28.0,118.0,7.0,187.0,4.0,33.0,10.0
422,Lycksele,Redlisted Species,12.0,35.0,82.0,7.0,102.0,0.0,36.0,3.0
423,Lysekil,Redlisted Species,21.0,43.0,47.0,6.0,29.0,1.0,34.0,2.0
424,Malmö,Redlisted Species,24.0,3.0,26.0,4.0,63.0,0.0,35.0,7.0
425,Malung-Sälen,Redlisted Species,102.0,64.0,98.0,21.0,60.0,0.0,36.0,3.0
426,Malå,Redlisted Species,6.0,23.0,36.0,2.0,28.0,0.0,34.0,2.0
427,Mariestad,Redlisted Species,14.0,17.0,72.0,4.0,11.0,0.0,37.0,6.0
428,Mark,Redlisted Species,19.0,40.0,77.0,18.0,33.0,1.0,36.0,6.0
429,Markaryd,Redlisted Species,8.0,22.0,5.0,3.0,10.0,0.0,31.0,6.0
430,Mellerud,Redlisted Species,38.0,41.0,121.0,25.0,30.0,1.0,31.0,5.0
431,Mjölby,Redlisted Species,31.0,16.0,28.0,1.0,39.0,0.0,34.0,3.0
432,Mora,Redlisted Species,41.0,54.0,118.0,14.0,66.0,1.0,36.0,3.0
433,Motala,Redlisted Species,30.0,31.0,104.0,23.0,83.0,0.0,35.0,5.0
434,Mullsjö,Redlisted Species,22.0,18.0,16.0,10.0,2.0,0.0,28.0,8.0
435,Munkedal,Redlisted Species,19.0,30.0,22.0,8.0,8.0,0.0,32.0,3.0
436,Munkfors,Redlisted Species,11.0,35.0,9.0,4.0,1.0,0.0,26.0,0.0
437,Mölndal,Redlisted Species,13.0,17.0,17.0,5.0,32.0,0.0,33.0,2.0
438,Mönsterås,Redlisted Species,23.0,29.0,38.0,2.0,211.0,0.0,36.0,9.0
439,Mörbylånga,Redlisted Species,37.0,45.0,235.0,13.0,187.0,3.0,36.0,8.0
440,Nacka,Redlisted Species,32.0,25.0,120.0,9.0,67.0,0.0,36.0,7.0
441,Nora,Redlisted Species,20.0,35.0,122.0,24.0,34.0,0.0,35.0,3.0
442,Norberg,Redlisted Species,19.0,18.0,55.0,14.0,24.0,0.0,35.0,3.0
443,Nordanstig,Redlisted Species,38.0,38.0,78.0,14.0,45.0,0.0,38.0,3.0
444,Nordmaling,Redlisted Species,9.0,34.0,68.0,11.0,68.0,0.0,37.0,3.0
445,Norrköping,Redlisted Species,62.0,66.0,167.0,23.0,161.0,1.0,38.0,8.0
446,Norrtälje,Redlisted Species,52.0,61.0,210.0,14.0,146.0,0.0,40.0,7.0
447,Norsjö,Redlisted Species,7.0,28.0,49.0,4.0,35.0,0.0,33.0,2.0
448,Nybro,Redlisted Species,24.0,24.0,79.0,9.0,241.0,1.0,33.0,9.0
449,Nykvarn,Redlisted Species,13.0,16.0,49.0,6.0,8.0,0.0,32.0,3.0
450,Nyköping,Redlisted Species,35.0,27.0,113.0,19.0,95.0,0.0,42.0,7.0
451,Nynäshamn,Redlisted Species,23.0,32.0,98.0,11.0,60.0,1.0,40.0,6.0
452,Nässjö,Redlisted Species,51.0,31.0,33.0,13.0,14.0,4.0,35.0,8.0
453,Ockelbo,Redlisted Species,22.0,32.0,42.0,4.0,20.0,0.0,33.0,2.0
454,Olofström,Redlisted Species,20.0,27.0,56.0,12.0,43.0,1.0,27.0,4.0
455,Orsa,Redlisted Species,35.0,46.0,89.0,15.0,80.0,0.0,37.0,3.0
456,Orust,Redlisted Species,21.0,32.0,19.0,9.0,32.0,0.0,37.0,4.0
457,Osby,Redlisted Species,16.0,32.0,24.0,3.0,19.0,1.0,30.0,4.0
458,Oskarshamn,Redlisted Species,48.0,50.0,85.0,10.0,130.0,0.0,36.0,9.0
459,Ovanåker,Redlisted Species,19.0,43.0,56.0,10.0,27.0,0.0,35.0,3.0
460,Oxelösund,Redlisted Species,6.0,11.0,30.0,0.0,14.0,0.0,37.0,1.0
461,Pajala,Redlisted Species,9.0,34.0,78.0,5.0,75.0,0.0,35.0,3.0
462,Partille,Redlisted Species,14.0,11.0,31.0,7.0,17.0,0.0,29.0,4.0
463,Perstorp,Redlisted Species,6.0,13.0,7.0,0.0,1.0,1.0,26.0,0.0
464,Piteå,Redlisted Species,11.0,32.0,83.0,10.0,66.0,0.0,41.0,2.0
465,Ragunda,Redlisted Species,22.0,55.0,92.0,11.0,86.0,0.0,33.0,3.0
466,Robertsfors,Redlisted Species,2.0,21.0,57.0,4.0,54.0,0.0,37.0,2.0
467,Ronneby,Redlisted Species,27.0,52.0,91.0,3.0,165.0,3.0,34.0,11.0
468,Rättvik,Redlisted Species,61.0,50.0,151.0,19.0,79.0,1.0,37.0,4.0
469,Sala,Redlisted Species,28.0,33.0,113.0,17.0,83.0,1.0,38.0,4.0
470,Salem,Redlisted Species,17.0,16.0,80.0,2.0,23.0,0.0,32.0,5.0
471,Sandviken,Redlisted Species,22.0,43.0,79.0,14.0,83.0,1.0,37.0,6.0
472,Sigtuna,Redlisted Species,27.0,18.0,76.0,1.0,33.0,1.0,36.0,4.0
473,Simrishamn,Redlisted Species,30.0,26.0,96.0,10.0,108.0,3.0,35.0,6.0
474,Sjöbo,Redlisted Species,32.0,20.0,138.0,5.0,112.0,5.0,32.0,10.0
475,Skara,Redlisted Species,19.0,14.0,121.0,10.0,44.0,1.0,34.0,8.0
476,Skellefteå,Redlisted Species,16.0,46.0,79.0,12.0,98.0,0.0,40.0,3.0
477,Skinnskatteberg,Redlisted Species,18.0,14.0,60.0,14.0,47.0,0.0,35.0,3.0
478,Skurup,Redlisted Species,20.0,9.0,35.0,4.0,35.0,2.0,33.0,4.0
479,Skövde,Redlisted Species,36.0,32.0,226.0,18.0,104.0,2.0,36.0,6.0
480,Smedjebacken,Redlisted Species,32.0,29.0,97.0,15.0,60.0,0.0,34.0,3.0
481,Sollefteå,Redlisted Species,33.0,52.0,130.0,11.0,77.0,0.0,37.0,4.0
482,Sollentuna,Redlisted Species,20.0,8.0,74.0,1.0,38.0,0.0,37.0,4.0
483,Solna,Redlisted Species,22.0,6.0,76.0,3.0,45.0,1.0,30.0,5.0
484,Sorsele,Redlisted Species,44.0,37.0,78.0,7.0,47.0,0.0,39.0,3.0
485,Sotenäs,Redlisted Species,22.0,19.0,47.0,7.0,23.0,2.0,34.0,5.0
486,Staffanstorp,Redlisted Species,12.0,0.0,2.0,1.0,15.0,0.0,29.0,4.0
487,Stenungsund,Redlisted Species,22.0,28.0,31.0,16.0,28.0,1.0,36.0,3.0
488,Stockholm,Redlisted Species,52.0,31.0,183.0,10.0,138.0,1.0,36.0,8.0
489,Storfors,Redlisted Species,11.0,20.0,20.0,3.0,26.0,0.0,36.0,4.0
490,Storuman,Redlisted Species,54.0,54.0,98.0,15.0,57.0,0.0,37.0,3.0
491,Strängnäs,Redlisted Species,41.0,32.0,137.0,7.0,120.0,1.0,36.0,4.0
492,Strömstad,Redlisted Species,20.0,36.0,29.0,11.0,49.0,1.0,36.0,3.0
493,Strömsund,Redlisted Species,43.0,65.0,124.0,23.0,80.0,0.0,38.0,3.0
494,Sundbyberg,Redlisted Species,7.0,0.0,16.0,0.0,5.0,0.0,28.0,4.0
495,Sundsvall,Redlisted Species,67.0,46.0,158.0,15.0,91.0,0.0,40.0,4.0
496,Sunne,Redlisted Species,33.0,26.0,39.0,11.0,12.0,0.0,35.0,3.0
497,Surahammar,Redlisted Species,27.0,25.0,151.0,8.0,54.0,0.0,36.0,3.0
498,Svalöv,Redlisted Species,26.0,28.0,83.0,11.0,49.0,3.0,34.0,6.0
499,Svedala,Redlisted Species,24.0,18.0,53.0,3.0,95.0,1.0,32.0,3.0
500,Svenljunga,Redlisted Species,15.0,39.0,9.0,9.0,8.0,0.0,31.0,4.0
501,Säffle,Redlisted Species,44.0,36.0,50.0,11.0,31.0,1.0,36.0,3.0
502,Säter,Redlisted Species,46.0,20.0,73.0,8.0,34.0,1.0,33.0,4.0
503,Sävsjö,Redlisted Species,31.0,17.0,15.0,4.0,13.0,0.0,30.0,6.0
504,Söderhamn,Redlisted Species,39.0,41.0,93.0,10.0,60.0,0.0,38.0,3.0
505,Söderköping,Redlisted Species,30.0,39.0,74.0,6.0,126.0,0.0,34.0,6.0
506,Södertälje,Redlisted Species,36.0,41.0,179.0,16.0,76.0,1.0,36.0,7.0
507,Sölvesborg,Redlisted Species,14.0,31.0,50.0,1.0,113.0,3.0,36.0,6.0
508,Tanum,Redlisted Species,25.0,26.0,77.0,9.0,25.0,0.0,36.0,3.0
509,Tibro,Redlisted Species,8.0,3.0,21.0,0.0,4.0,0.0,34.0,4.0
510,Tidaholm,Redlisted Species,15.0,6.0,53.0,4.0,6.0,0.0,33.0,4.0
511,Tierp,Redlisted Species,55.0,48.0,153.0,14.0,118.0,2.0,40.0,5.0
512,Timrå,Redlisted Species,22.0,35.0,100.0,7.0,63.0,0.0,37.0,3.0
513,Tingsryd,Redlisted Species,18.0,26.0,40.0,3.0,43.0,0.0,29.0,8.0
514,Tjörn,Redlisted Species,15.0,23.0,27.0,6.0,14.0,0.0,32.0,5.0
515,Tomelilla,Redlisted Species,32.0,18.0,92.0,8.0,71.0,3.0,31.0,10.0
516,Torsby,Redlisted Species,63.0,67.0,92.0,23.0,64.0,0.0,37.0,4.0
517,Torsås,Redlisted Species,12.0,16.0,32.0,1.0,32.0,1.0,30.0,8.0
518,Tranemo,Redlisted Species,13.0,20.0,20.0,5.0,19.0,0.0,36.0,5.0
519,Tranås,Redlisted Species,31.0,19.0,36.0,5.0,30.0,0.0,32.0,8.0
520,Trelleborg,Redlisted Species,19.0,4.0,14.0,1.0,31.0,1.0,31.0,5.0
521,Trollhättan,Redlisted Species,16.0,37.0,91.0,4.0,23.0,0.0,34.0,7.0
522,Trosa,Redlisted Species,18.0,22.0,80.0,4.0,38.0,0.0,33.0,4.0
523,Tyresö,Redlisted Species,23.0,31.0,87.0,12.0,35.0,0.0,34.0,5.0
524,Täby,Redlisted Species,12.0,6.0,28.0,3.0,25.0,0.0,34.0,2.0
525,Töreboda,Redlisted Species,15.0,5.0,55.0,3.0,6.0,0.0,31.0,4.0
526,Uddevalla,Redlisted Species,31.0,54.0,79.0,15.0,63.0,2.0,38.0,4.0
527,Ulricehamn,Redlisted Species,19.0,33.0,49.0,6.0,19.0,1.0,34.0,6.0
528,Umeå,Redlisted Species,20.0,44.0,123.0,16.0,107.0,0.0,41.0,5.0
529,Upplands Väsby,Redlisted Species,16.0,9.0,57.0,0.0,28.0,0.0,34.0,3.0
530,Upplands-Bro,Redlisted Species,18.0,25.0,97.0,3.0,68.0,0.0,35.0,4.0
531,Uppsala,Redlisted Species,86.0,78.0,318.0,24.0,226.0,1.0,39.0,9.0
532,Uppvidinge,Redlisted Species,27.0,22.0,90.0,5.0,67.0,0.0,30.0,5.0
533,Vadstena,Redlisted Species,25.0,21.0,54.0,13.0,41.0,2.0,36.0,2.0
534,Vaggeryd,Redlisted Species,25.0,15.0,19.0,6.0,19.0,0.0,35.0,7.0
535,Valdemarsvik,Redlisted Species,30.0,29.0,75.0,6.0,66.0,2.0,36.0,7.0
536,Vallentuna,Redlisted Species,18.0,27.0,67.0,8.0,67.0,0.0,36.0,5.0
537,Vansbro,Redlisted Species,25.0,40.0,55.0,10.0,85.0,0.0,36.0,4.0
538,Vara,Redlisted Species,8.0,4.0,16.0,5.0,3.0,0.0,31.0,2.0
539,Varberg,Redlisted Species,18.0,36.0,41.0,10.0,94.0,1.0,36.0,8.0
540,Vaxholm,Redlisted Species,18.0,2.0,32.0,2.0,30.0,0.0,36.0,4.0
541,Vellinge,Redlisted Species,16.0,0.0,9.0,1.0,25.0,1.0,36.0,6.0
542,Vetlanda,Redlisted Species,50.0,30.0,61.0,13.0,89.0,1.0,34.0,8.0
543,Vilhelmina,Redlisted Species,55.0,51.0,75.0,11.0,43.0,0.0,38.0,3.0
544,Vimmerby,Redlisted Species,42.0,32.0,75.0,12.0,58.0,2.0,32.0,9.0
545,Vindeln,Redlisted Species,14.0,37.0,88.0,9.0,114.0,0.0,33.0,3.0
546,Vingåker,Redlisted Species,12.0,15.0,78.0,5.0,14.0,1.0,35.0,2.0
547,Vänersborg,Redlisted Species,33.0,48.0,138.0,20.0,47.0,1.0,38.0,8.0
548,Vännäs,Redlisted Species,4.0,22.0,45.0,3.0,14.0,0.0,34.0,2.0
549,Värmdö,Redlisted Species,39.0,37.0,154.0,12.0,64.0,1.0,38.0,7.0
550,Värnamo,Redlisted Species,21.0,32.0,48.0,4.0,49.0,0.0,36.0,8.0
551,Västervik,Redlisted Species,49.0,50.0,113.0,10.0,149.0,4.0,37.0,9.0
552,Västerås,Redlisted Species,21.0,33.0,164.0,7.0,151.0,1.0,36.0,8.0
553,Växjö,Redlisted Species,38.0,38.0,97.0,11.0,73.0,1.0,35.0,9.0
554,Vårgårda,Redlisted Species,9.0,20.0,22.0,6.0,5.0,0.0,31.0,4.0
555,Ydre,Redlisted Species,48.0,42.0,56.0,12.0,37.0,0.0,31.0,7.0
556,Ystad,Redlisted Species,25.0,15.0,85.0,7.0,110.0,4.0,33.0,9.0
557,Älmhult,Redlisted Species,12.0,36.0,83.0,8.0,56.0,1.0,33.0,6.0
558,Älvdalen,Redlisted Species,84.0,75.0,138.0,28.0,67.0,0.0,38.0,4.0
559,Älvkarleby,Redlisted Species,42.0,39.0,159.0,11.0,132.0,2.0,38.0,3.0
560,Älvsbyn,Redlisted Species,9.0,31.0,71.0,5.0,46.0,0.0,36.0,2.0
561,Ängelholm,Redlisted Species,27.0,24.0,40.0,12.0,47.0,1.0,33.0,7.0
562,Åmål,Redlisted Species,48.0,40.0,71.0,27.0,47.0,0.0,32.0,5.0
563,Ånge,Redlisted Species,46.0,54.0,182.0,19.0,74.0,0.0,33.0,2.0
564,Åre,Redlisted Species,59.0,100.0,112.0,31.0,33.0,0.0,37.0,3.0
565,Årjäng,Redlisted Species,20.0,39.0,60.0,11.0,17.0,0.0,28.0,2.0
566,Åsele,Redlisted Species,12.0,46.0,80.0,10.0,97.0,0.0,35.0,3.0
567,Åstorp,Redlisted Species,8.0,10.0,19.0,0.0,20.0,1.0,29.0,1.0
568,Åtvidaberg,Redlisted Species,46.0,40.0,104.0,10.0,84.0,2.0,32.0,4.0
569,Öckerö,Redlisted Species,10.0,9.0,7.0,0.0,7.0,0.0,31.0,2.0
570,Ödeshög,Redlisted Species,41.0,63.0,119.0,17.0,116.0,4.0,35.0,5.0
571,Örebro,Redlisted Species,46.0,47.0,223.0,27.0,103.0,1.0,39.0,8.0
572,Örkelljunga,Redlisted Species,10.0,18.0,20.0,0.0,19.0,1.0,32.0,4.0
573,Örnsköldsvik,Redlisted Species,23.0,48.0,92.0,16.0,101.0,0.0,39.0,4.0
574,Östersund,Redlisted Species,43.0,51.0,132.0,11.0,49.0,0.0,38.0,3.0
575,Österåker,Redlisted Species,32.0,34.0,129.0,9.0,67.0,0.0,36.0,5.0
576,Östhammar,Redlisted Species,47.0,46.0,172.0,10.0,116.0,3.0,40.0,5.0
577,Östra Göinge,Redlisted Species,20.0,27.0,39.0,9.0,34.0,2.0,28.0,6.0
578,Överkalix,Redlisted Species,10.0,31.0,70.0,3.0,95.0,0.0,35.0,3.0
579,Övertorneå,Redlisted Species,6.0,27.0,56.0,9.0,51.0,0.0,37.0,2.0
580,Ale,Most Vulnerable Species*,4.0,7.0,3.0,3.0,0.0,,4.0,0.0
581,Alingsås,Most Vulnerable Species*,10.0,12.0,6.0,3.0,0.0,,5.0,0.0
582,Alvesta,Most Vulnerable Species*,10.0,9.0,4.0,2.0,0.0,,5.0,0.0
583,Aneby,Most Vulnerable Species*,7.0,1.0,0.0,0.0,0.0,,5.0,0.0
584,Arboga,Most Vulnerable Species*,6.0,8.0,5.0,3.0,0.0,,4.0,0.0
585,Arjeplog,Most Vulnerable Species*,3.0,4.0,7.0,1.0,0.0,,5.0,1.0
586,Arvidsjaur,Most Vulnerable Species*,3.0,4.0,5.0,2.0,0.0,,4.0,1.0
587,Arvika,Most Vulnerable Species*,17.0,6.0,3.0,5.0,0.0,,3.0,0.0
588,Askersund,Most Vulnerable Species*,7.0,8.0,5.0,7.0,0.0,,5.0,0.0
589,Avesta,Most Vulnerable Species*,6.0,3.0,3.0,4.0,1.0,,6.0,0.0
590,Bengtsfors,Most Vulnerable Species*,9.0,10.0,6.0,7.0,0.0,,3.0,0.0
591,Berg,Most Vulnerable Species*,6.0,7.0,4.0,7.0,0.0,,6.0,1.0
592,Bjurholm,Most Vulnerable Species*,2.0,1.0,3.0,4.0,0.0,,5.0,0.0
593,Bjuv,Most Vulnerable Species*,7.0,3.0,4.0,1.0,0.0,,4.0,0.0
594,Boden,Most Vulnerable Species*,2.0,2.0,7.0,7.0,0.0,,7.0,1.0
595,Bollebygd,Most Vulnerable Species*,3.0,4.0,0.0,1.0,0.0,,4.0,0.0
596,Bollnäs,Most Vulnerable Species*,7.0,3.0,4.0,3.0,0.0,,5.0,0.0
597,Borgholm,Most Vulnerable Species*,14.0,15.0,44.0,4.0,1.0,,7.0,0.0
598,Borlänge,Most Vulnerable Species*,10.0,3.0,4.0,0.0,1.0,,5.0,0.0
599,Borås,Most Vulnerable Species*,10.0,10.0,3.0,8.0,0.0,,4.0,0.0
600,Botkyrka,Most Vulnerable Species*,9.0,1.0,10.0,1.0,0.0,,4.0,0.0
601,Boxholm,Most Vulnerable Species*,10.0,7.0,4.0,1.0,0.0,,4.0,0.0
602,Bromölla,Most Vulnerable Species*,5.0,1.0,0.0,0.0,0.0,,5.0,0.0
603,Bräcke,Most Vulnerable Species*,2.0,8.0,11.0,5.0,0.0,,5.0,1.0
604,Burlöv,Most Vulnerable Species*,5.0,0.0,0.0,0.0,0.0,,3.0,0.0
605,Båstad,Most Vulnerable Species*,9.0,18.0,3.0,4.0,1.0,,5.0,0.0
606,Dals-Ed,Most Vulnerable Species*,6.0,7.0,2.0,3.0,0.0,,3.0,0.0
607,Danderyd,Most Vulnerable Species*,7.0,2.0,3.0,0.0,0.0,,4.0,0.0
608,Degerfors,Most Vulnerable Species*,4.0,2.0,1.0,1.0,0.0,,3.0,0.0
609,Dorotea,Most Vulnerable Species*,1.0,7.0,6.0,0.0,0.0,,6.0,0.0
610,Eda,Most Vulnerable Species*,7.0,6.0,2.0,5.0,0.0,,2.0,0.0
611,Ekerö,Most Vulnerable Species*,11.0,1.0,15.0,0.0,1.0,,5.0,0.0
612,Eksjö,Most Vulnerable Species*,10.0,3.0,3.0,4.0,0.0,,4.0,1.0
613,Emmaboda,Most Vulnerable Species*,5.0,1.0,0.0,2.0,0.0,,4.0,0.0
614,Enköping,Most Vulnerable Species*,11.0,5.0,12.0,1.0,0.0,,5.0,1.0
615,Eskilstuna,Most Vulnerable Species*,7.0,5.0,9.0,1.0,0.0,,7.0,0.0
616,Eslöv,Most Vulnerable Species*,11.0,4.0,4.0,2.0,1.0,,5.0,2.0
617,Essunga,Most Vulnerable Species*,2.0,0.0,0.0,0.0,0.0,,2.0,0.0
618,Fagersta,Most Vulnerable Species*,8.0,1.0,1.0,2.0,0.0,,7.0,0.0
619,Falkenberg,Most Vulnerable Species*,9.0,11.0,2.0,4.0,0.0,,5.0,0.0
620,Falköping,Most Vulnerable Species*,5.0,4.0,7.0,7.0,0.0,,5.0,0.0
621,Falun,Most Vulnerable Species*,14.0,2.0,3.0,1.0,0.0,,5.0,0.0
622,Filipstad,Most Vulnerable Species*,10.0,3.0,0.0,9.0,0.0,,6.0,0.0
623,Finspång,Most Vulnerable Species*,16.0,3.0,4.0,0.0,1.0,,7.0,0.0
624,Flen,Most Vulnerable Species*,9.0,7.0,13.0,1.0,0.0,,4.0,0.0
625,Forshaga,Most Vulnerable Species*,6.0,5.0,3.0,1.0,0.0,,3.0,0.0
626,Färgelanda,Most Vulnerable Species*,5.0,8.0,0.0,3.0,0.0,,4.0,0.0
627,Gagnef,Most Vulnerable Species*,4.0,2.0,3.0,0.0,0.0,,4.0,0.0
628,Gislaved,Most Vulnerable Species*,3.0,6.0,0.0,3.0,0.0,,5.0,0.0
629,Gnesta,Most Vulnerable Species*,7.0,2.0,7.0,1.0,0.0,,5.0,0.0
630,Gnosjö,Most Vulnerable Species*,5.0,2.0,0.0,1.0,0.0,,5.0,0.0
631,Gotland,Most Vulnerable Species*,27.0,27.0,39.0,6.0,3.0,,9.0,2.0
632,Grums,Most Vulnerable Species*,6.0,1.0,1.0,0.0,0.0,,3.0,0.0
633,Grästorp,Most Vulnerable Species*,3.0,5.0,0.0,1.0,0.0,,5.0,0.0
634,Gullspång,Most Vulnerable Species*,8.0,0.0,3.0,0.0,0.0,,5.0,0.0
635,Gällivare,Most Vulnerable Species*,1.0,4.0,9.0,0.0,0.0,,7.0,1.0
636,Gävle,Most Vulnerable Species*,11.0,13.0,11.0,7.0,2.0,,7.0,0.0
637,Göteborg,Most Vulnerable Species*,15.0,8.0,6.0,5.0,0.0,,6.0,0.0
638,Götene,Most Vulnerable Species*,8.0,11.0,30.0,6.0,0.0,,5.0,0.0
639,Habo,Most Vulnerable Species*,7.0,1.0,2.0,2.0,0.0,,5.0,0.0
640,Hagfors,Most Vulnerable Species*,6.0,8.0,0.0,6.0,0.0,,3.0,0.0
641,Hallsberg,Most Vulnerable Species*,9.0,4.0,9.0,2.0,0.0,,5.0,0.0
642,Hallstahammar,Most Vulnerable Species*,3.0,3.0,9.0,0.0,1.0,,5.0,0.0
643,Halmstad,Most Vulnerable Species*,12.0,15.0,7.0,6.0,3.0,,6.0,2.0
644,Hammarö,Most Vulnerable Species*,4.0,0.0,0.0,0.0,0.0,,7.0,0.0
645,Haninge,Most Vulnerable Species*,6.0,5.0,8.0,2.0,0.0,,6.0,0.0
646,Haparanda,Most Vulnerable Species*,1.0,1.0,0.0,0.0,0.0,,6.0,0.0
647,Heby,Most Vulnerable Species*,10.0,4.0,3.0,5.0,0.0,,6.0,0.0
648,Hedemora,Most Vulnerable Species*,5.0,4.0,5.0,0.0,1.0,,6.0,0.0
649,Helsingborg,Most Vulnerable Species*,12.0,6.0,5.0,3.0,0.0,,7.0,0.0
650,Herrljunga,Most Vulnerable Species*,4.0,3.0,3.0,3.0,0.0,,3.0,1.0
651,Hjo,Most Vulnerable Species*,6.0,1.0,2.0,0.0,0.0,,5.0,0.0
652,Hofors,Most Vulnerable Species*,7.0,0.0,1.0,1.0,0.0,,4.0,0.0
653,Huddinge,Most Vulnerable Species*,7.0,1.0,10.0,1.0,0.0,,5.0,0.0
654,Hudiksvall,Most Vulnerable Species*,13.0,5.0,7.0,2.0,0.0,,6.0,0.0
655,Hultsfred,Most Vulnerable Species*,15.0,5.0,4.0,3.0,0.0,,5.0,0.0
656,Hylte,Most Vulnerable Species*,6.0,12.0,9.0,1.0,0.0,,4.0,0.0
657,Hällefors,Most Vulnerable Species*,10.0,5.0,4.0,6.0,0.0,,5.0,0.0
658,Härjedalen,Most Vulnerable Species*,14.0,12.0,12.0,7.0,1.0,,4.0,1.0
659,Härnösand,Most Vulnerable Species*,7.0,5.0,5.0,4.0,0.0,,6.0,0.0
660,Härryda,Most Vulnerable Species*,5.0,5.0,3.0,6.0,0.0,,4.0,0.0
661,Hässleholm,Most Vulnerable Species*,12.0,5.0,6.0,3.0,1.0,,5.0,2.0
662,Håbo,Most Vulnerable Species*,4.0,3.0,11.0,0.0,0.0,,4.0,0.0
663,Höganäs,Most Vulnerable Species*,16.0,16.0,5.0,1.0,0.0,,5.0,0.0
664,Högsby,Most Vulnerable Species*,10.0,7.0,8.0,3.0,3.0,,5.0,0.0
665,Hörby,Most Vulnerable Species*,7.0,1.0,4.0,1.0,0.0,,4.0,1.0
666,Höör,Most Vulnerable Species*,11.0,7.0,5.0,5.0,0.0,,5.0,2.0
667,Jokkmokk,Most Vulnerable Species*,1.0,10.0,11.0,5.0,0.0,,8.0,1.0
668,Järfälla,Most Vulnerable Species*,3.0,0.0,5.0,0.0,0.0,,5.0,0.0
669,Jönköping,Most Vulnerable Species*,20.0,12.0,4.0,9.0,0.0,,5.0,1.0
670,Kalix,Most Vulnerable Species*,1.0,0.0,2.0,0.0,0.0,,6.0,0.0
671,Kalmar,Most Vulnerable Species*,14.0,3.0,8.0,0.0,1.0,,5.0,1.0
672,Karlsborg,Most Vulnerable Species*,10.0,2.0,1.0,3.0,0.0,,5.0,0.0
673,Karlshamn,Most Vulnerable Species*,9.0,9.0,4.0,2.0,1.0,,5.0,1.0
674,Karlskoga,Most Vulnerable Species*,9.0,4.0,3.0,3.0,0.0,,4.0,0.0
675,Karlskrona,Most Vulnerable Species*,13.0,6.0,12.0,1.0,0.0,,7.0,1.0
676,Karlstad,Most Vulnerable Species*,8.0,4.0,3.0,0.0,1.0,,5.0,0.0
677,Katrineholm,Most Vulnerable Species*,14.0,10.0,10.0,0.0,0.0,,5.0,0.0
678,Kil,Most Vulnerable Species*,9.0,2.0,1.0,1.0,0.0,,4.0,0.0
679,Kinda,Most Vulnerable Species*,17.0,9.0,6.0,3.0,0.0,,5.0,0.0
680,Kiruna,Most Vulnerable Species*,4.0,6.0,8.0,5.0,0.0,,5.0,1.0
681,Klippan,Most Vulnerable Species*,3.0,6.0,5.0,4.0,1.0,,5.0,2.0
682,Knivsta,Most Vulnerable Species*,7.0,6.0,10.0,1.0,0.0,,5.0,0.0
683,Kramfors,Most Vulnerable Species*,7.0,4.0,5.0,4.0,0.0,,5.0,0.0
684,Kristianstad,Most Vulnerable Species*,16.0,12.0,32.0,2.0,2.0,,6.0,1.0
685,Kristinehamn,Most Vulnerable Species*,7.0,1.0,2.0,0.0,0.0,,6.0,0.0
686,Krokom,Most Vulnerable Species*,2.0,9.0,6.0,3.0,0.0,,5.0,1.0
687,Kumla,Most Vulnerable Species*,6.0,0.0,1.0,0.0,0.0,,5.0,0.0
688,Kungsbacka,Most Vulnerable Species*,7.0,17.0,5.0,2.0,0.0,,9.0,0.0
689,Kungsör,Most Vulnerable Species*,5.0,4.0,4.0,1.0,0.0,,4.0,0.0
690,Kungälv,Most Vulnerable Species*,10.0,16.0,2.0,4.0,0.0,,5.0,0.0
691,Kävlinge,Most Vulnerable Species*,7.0,0.0,1.0,1.0,0.0,,6.0,0.0
692,Köping,Most Vulnerable Species*,3.0,0.0,6.0,3.0,0.0,,4.0,0.0
693,Laholm,Most Vulnerable Species*,10.0,5.0,3.0,2.0,0.0,,5.0,1.0
694,Landskrona,Most Vulnerable Species*,12.0,0.0,0.0,2.0,0.0,,5.0,0.0
695,Laxå,Most Vulnerable Species*,6.0,0.0,1.0,3.0,0.0,,5.0,0.0
696,Lekeberg,Most Vulnerable Species*,6.0,8.0,6.0,4.0,0.0,,6.0,0.0
697,Leksand,Most Vulnerable Species*,8.0,3.0,8.0,0.0,0.0,,5.0,0.0
698,Lerum,Most Vulnerable Species*,10.0,11.0,2.0,2.0,0.0,,5.0,0.0
699,Lessebo,Most Vulnerable Species*,3.0,0.0,1.0,0.0,0.0,,2.0,0.0
700,Lidingö,Most Vulnerable Species*,9.0,0.0,3.0,0.0,0.0,,4.0,0.0
701,Lidköping,Most Vulnerable Species*,5.0,4.0,0.0,2.0,0.0,,7.0,0.0
702,Lilla Edet,Most Vulnerable Species*,5.0,12.0,1.0,4.0,0.0,,6.0,0.0
703,Lindesberg,Most Vulnerable Species*,4.0,4.0,4.0,6.0,0.0,,5.0,0.0
704,Linköping,Most Vulnerable Species*,18.0,10.0,14.0,2.0,0.0,,6.0,1.0
705,Ljungby,Most Vulnerable Species*,11.0,6.0,4.0,2.0,0.0,,5.0,0.0
706,Ljusdal,Most Vulnerable Species*,10.0,5.0,5.0,4.0,0.0,,4.0,0.0
707,Ljusnarsberg,Most Vulnerable Species*,11.0,5.0,1.0,4.0,0.0,,3.0,0.0
708,Lomma,Most Vulnerable Species*,11.0,0.0,3.0,1.0,0.0,,5.0,0.0
709,Ludvika,Most Vulnerable Species*,19.0,8.0,9.0,2.0,0.0,,7.0,0.0
710,Luleå,Most Vulnerable Species*,4.0,1.0,7.0,0.0,0.0,,7.0,1.0
711,Lund,Most Vulnerable Species*,15.0,7.0,9.0,2.0,2.0,,5.0,1.0
712,Lycksele,Most Vulnerable Species*,1.0,2.0,4.0,1.0,0.0,,5.0,1.0
713,Lysekil,Most Vulnerable Species*,9.0,15.0,3.0,2.0,0.0,,5.0,0.0
714,Malmö,Most Vulnerable Species*,13.0,1.0,2.0,3.0,0.0,,6.0,0.0
715,Malung-Sälen,Most Vulnerable Species*,51.0,7.0,5.0,4.0,0.0,,5.0,0.0
716,Malå,Most Vulnerable Species*,1.0,2.0,0.0,0.0,0.0,,4.0,0.0
717,Mariestad,Most Vulnerable Species*,4.0,1.0,4.0,0.0,0.0,,6.0,0.0
718,Mark,Most Vulnerable Species*,4.0,14.0,5.0,8.0,0.0,,5.0,0.0
719,Markaryd,Most Vulnerable Species*,3.0,4.0,0.0,0.0,0.0,,4.0,1.0
720,Mellerud,Most Vulnerable Species*,15.0,10.0,3.0,5.0,0.0,,3.0,0.0
721,Mjölby,Most Vulnerable Species*,10.0,2.0,0.0,0.0,0.0,,5.0,0.0
722,Mora,Most Vulnerable Species*,13.0,7.0,5.0,5.0,0.0,,5.0,0.0
723,Motala,Most Vulnerable Species*,11.0,1.0,8.0,5.0,0.0,,5.0,0.0
724,Mullsjö,Most Vulnerable Species*,4.0,2.0,0.0,2.0,0.0,,2.0,0.0
725,Munkedal,Most Vulnerable Species*,5.0,8.0,0.0,1.0,0.0,,4.0,0.0
726,Munkfors,Most Vulnerable Species*,2.0,8.0,0.0,0.0,0.0,,2.0,0.0
727,Mölndal,Most Vulnerable Species*,9.0,4.0,0.0,1.0,0.0,,4.0,0.0
728,Mönsterås,Most Vulnerable Species*,8.0,6.0,2.0,0.0,1.0,,5.0,0.0
729,Mörbylånga,Most Vulnerable Species*,14.0,15.0,38.0,2.0,2.0,,8.0,0.0
730,Nacka,Most Vulnerable Species*,9.0,3.0,10.0,1.0,0.0,,6.0,1.0
731,Nora,Most Vulnerable Species*,7.0,6.0,6.0,7.0,0.0,,6.0,0.0
732,Norberg,Most Vulnerable Species*,4.0,2.0,1.0,4.0,0.0,,4.0,0.0
733,Nordanstig,Most Vulnerable Species*,11.0,3.0,2.0,3.0,0.0,,5.0,0.0
734,Nordmaling,Most Vulnerable Species*,1.0,2.0,3.0,4.0,0.0,,4.0,0.0
735,Norrköping,Most Vulnerable Species*,21.0,14.0,14.0,4.0,0.0,,7.0,0.0
736,Norrtälje,Most Vulnerable Species*,17.0,14.0,24.0,1.0,1.0,,7.0,0.0
737,Norsjö,Most Vulnerable Species*,1.0,1.0,2.0,0.0,0.0,,4.0,0.0
738,Nybro,Most Vulnerable Species*,8.0,2.0,4.0,3.0,1.0,,5.0,0.0
739,Nykvarn,Most Vulnerable Species*,3.0,1.0,0.0,0.0,0.0,,4.0,0.0
740,Nyköping,Most Vulnerable Species*,14.0,2.0,3.0,5.0,1.0,,9.0,1.0
741,Nynäshamn,Most Vulnerable Species*,5.0,3.0,8.0,0.0,0.0,,7.0,0.0
742,Nässjö,Most Vulnerable Species*,17.0,7.0,2.0,5.0,0.0,,5.0,0.0
743,Ockelbo,Most Vulnerable Species*,6.0,2.0,0.0,1.0,0.0,,3.0,0.0
744,Olofström,Most Vulnerable Species*,5.0,2.0,0.0,3.0,0.0,,4.0,0.0
745,Orsa,Most Vulnerable Species*,10.0,3.0,4.0,4.0,0.0,,4.0,0.0
746,Orust,Most Vulnerable Species*,8.0,12.0,0.0,2.0,0.0,,6.0,0.0
747,Osby,Most Vulnerable Species*,6.0,3.0,0.0,0.0,0.0,,4.0,0.0
748,Oskarshamn,Most Vulnerable Species*,18.0,15.0,11.0,0.0,0.0,,5.0,0.0
749,Ovanåker,Most Vulnerable Species*,7.0,2.0,2.0,2.0,0.0,,3.0,0.0
750,Oxelösund,Most Vulnerable Species*,4.0,0.0,1.0,0.0,0.0,,6.0,0.0
751,Pajala,Most Vulnerable Species*,1.0,3.0,8.0,1.0,0.0,,5.0,1.0
752,Partille,Most Vulnerable Species*,5.0,2.0,3.0,4.0,0.0,,4.0,0.0
753,Perstorp,Most Vulnerable Species*,3.0,1.0,0.0,0.0,0.0,,2.0,0.0
754,Piteå,Most Vulnerable Species*,2.0,2.0,5.0,3.0,0.0,,8.0,0.0
755,Ragunda,Most Vulnerable Species*,1.0,7.0,5.0,6.0,0.0,,2.0,0.0
756,Robertsfors,Most Vulnerable Species*,1.0,0.0,4.0,1.0,0.0,,6.0,0.0
757,Ronneby,Most Vulnerable Species*,10.0,10.0,11.0,0.0,1.0,,5.0,2.0
758,Rättvik,Most Vulnerable Species*,20.0,2.0,11.0,5.0,1.0,,5.0,0.0
759,Sala,Most Vulnerable Species*,8.0,6.0,5.0,5.0,0.0,,6.0,0.0
760,Salem,Most Vulnerable Species*,6.0,2.0,4.0,0.0,0.0,,4.0,0.0
761,Sandviken,Most Vulnerable Species*,7.0,5.0,3.0,3.0,2.0,,6.0,0.0
762,Sigtuna,Most Vulnerable Species*,8.0,4.0,5.0,0.0,0.0,,5.0,0.0
763,Simrishamn,Most Vulnerable Species*,11.0,7.0,7.0,3.0,2.0,,6.0,0.0
764,Sjöbo,Most Vulnerable Species*,15.0,2.0,11.0,2.0,1.0,,5.0,2.0
765,Skara,Most Vulnerable Species*,9.0,2.0,13.0,0.0,0.0,,6.0,0.0
766,Skellefteå,Most Vulnerable Species*,1.0,3.0,1.0,3.0,0.0,,7.0,1.0
767,Skinnskatteberg,Most Vulnerable Species*,6.0,0.0,0.0,3.0,0.0,,4.0,0.0
768,Skurup,Most Vulnerable Species*,10.0,1.0,2.0,2.0,0.0,,6.0,0.0
769,Skövde,Most Vulnerable Species*,17.0,9.0,23.0,3.0,0.0,,5.0,0.0
770,Smedjebacken,Most Vulnerable Species*,10.0,4.0,4.0,4.0,0.0,,4.0,0.0
771,Sollefteå,Most Vulnerable Species*,5.0,4.0,6.0,4.0,1.0,,5.0,0.0
772,Sollentuna,Most Vulnerable Species*,5.0,1.0,4.0,0.0,0.0,,5.0,0.0
773,Solna,Most Vulnerable Species*,8.0,1.0,9.0,0.0,0.0,,3.0,0.0
774,Sorsele,Most Vulnerable Species*,2.0,5.0,5.0,0.0,0.0,,7.0,1.0
775,Sotenäs,Most Vulnerable Species*,9.0,4.0,2.0,2.0,0.0,,4.0,0.0
776,Staffanstorp,Most Vulnerable Species*,7.0,0.0,0.0,1.0,0.0,,5.0,0.0
777,Stenungsund,Most Vulnerable Species*,8.0,10.0,0.0,5.0,0.0,,6.0,0.0
778,Stockholm,Most Vulnerable Species*,18.0,8.0,18.0,2.0,1.0,,4.0,0.0
779,Storfors,Most Vulnerable Species*,3.0,4.0,0.0,1.0,0.0,,6.0,0.0
780,Storuman,Most Vulnerable Species*,4.0,7.0,4.0,1.0,0.0,,6.0,1.0
781,Strängnäs,Most Vulnerable Species*,13.0,3.0,14.0,1.0,0.0,,6.0,0.0
782,Strömstad,Most Vulnerable Species*,7.0,12.0,2.0,1.0,0.0,,6.0,0.0
783,Strömsund,Most Vulnerable Species*,5.0,12.0,4.0,5.0,1.0,,6.0,1.0
784,Sundbyberg,Most Vulnerable Species*,2.0,0.0,2.0,0.0,0.0,,2.0,0.0
785,Sundsvall,Most Vulnerable Species*,18.0,4.0,10.0,4.0,0.0,,7.0,0.0
786,Sunne,Most Vulnerable Species*,9.0,4.0,2.0,1.0,0.0,,5.0,0.0
787,Surahammar,Most Vulnerable Species*,11.0,1.0,8.0,0.0,0.0,,6.0,0.0
788,Svalöv,Most Vulnerable Species*,12.0,5.0,6.0,2.0,0.0,,5.0,0.0
789,Svedala,Most Vulnerable Species*,12.0,4.0,4.0,2.0,1.0,,5.0,0.0
790,Svenljunga,Most Vulnerable Species*,4.0,9.0,0.0,1.0,0.0,,4.0,0.0
791,Säffle,Most Vulnerable Species*,13.0,7.0,2.0,2.0,0.0,,5.0,0.0
792,Säter,Most Vulnerable Species*,15.0,3.0,2.0,2.0,0.0,,4.0,0.0
793,Sävsjö,Most Vulnerable Species*,9.0,3.0,0.0,1.0,0.0,,4.0,0.0
794,Söderhamn,Most Vulnerable Species*,8.0,6.0,3.0,1.0,0.0,,6.0,0.0
795,Söderköping,Most Vulnerable Species*,11.0,6.0,6.0,0.0,0.0,,5.0,0.0
796,Södertälje,Most Vulnerable Species*,12.0,3.0,16.0,1.0,0.0,,6.0,0.0
797,Sölvesborg,Most Vulnerable Species*,3.0,8.0,6.0,0.0,0.0,,6.0,0.0
798,Tanum,Most Vulnerable Species*,7.0,8.0,5.0,2.0,0.0,,5.0,0.0
799,Tibro,Most Vulnerable Species*,4.0,1.0,0.0,0.0,0.0,,5.0,0.0
800,Tidaholm,Most Vulnerable Species*,5.0,1.0,2.0,0.0,0.0,,5.0,0.0
801,Tierp,Most Vulnerable Species*,17.0,7.0,9.0,5.0,1.0,,7.0,0.0
802,Timrå,Most Vulnerable Species*,4.0,1.0,3.0,0.0,0.0,,6.0,0.0
803,Tingsryd,Most Vulnerable Species*,4.0,4.0,3.0,0.0,0.0,,4.0,0.0
804,Tjörn,Most Vulnerable Species*,5.0,9.0,1.0,1.0,0.0,,5.0,0.0
805,Tomelilla,Most Vulnerable Species*,11.0,3.0,9.0,2.0,1.0,,5.0,2.0
806,Torsby,Most Vulnerable Species*,30.0,15.0,4.0,7.0,0.0,,6.0,1.0
807,Torsås,Most Vulnerable Species*,5.0,1.0,0.0,0.0,0.0,,3.0,0.0
808,Tranemo,Most Vulnerable Species*,5.0,3.0,2.0,1.0,0.0,,5.0,0.0
809,Tranås,Most Vulnerable Species*,10.0,2.0,4.0,2.0,0.0,,5.0,1.0
810,Trelleborg,Most Vulnerable Species*,8.0,0.0,2.0,1.0,2.0,,5.0,0.0
811,Trollhättan,Most Vulnerable Species*,5.0,11.0,3.0,0.0,0.0,,5.0,0.0
812,Trosa,Most Vulnerable Species*,7.0,3.0,4.0,0.0,0.0,,4.0,0.0
813,Tyresö,Most Vulnerable Species*,8.0,3.0,8.0,2.0,0.0,,5.0,0.0
814,Täby,Most Vulnerable Species*,6.0,1.0,0.0,0.0,0.0,,5.0,0.0
815,Töreboda,Most Vulnerable Species*,7.0,1.0,0.0,0.0,0.0,,4.0,0.0
816,Uddevalla,Most Vulnerable Species*,12.0,16.0,4.0,4.0,0.0,,6.0,0.0
817,Ulricehamn,Most Vulnerable Species*,4.0,8.0,1.0,2.0,0.0,,5.0,0.0
818,Umeå,Most Vulnerable Species*,5.0,6.0,8.0,4.0,0.0,,8.0,0.0
819,Upplands Väsby,Most Vulnerable Species*,4.0,1.0,5.0,0.0,0.0,,4.0,0.0
820,Upplands-Bro,Most Vulnerable Species*,4.0,4.0,3.0,0.0,0.0,,4.0,0.0
821,Uppsala,Most Vulnerable Species*,30.0,21.0,35.0,8.0,0.0,,6.0,0.0
822,Uppvidinge,Most Vulnerable Species*,7.0,4.0,4.0,1.0,0.0,,3.0,0.0
823,Vadstena,Most Vulnerable Species*,12.0,6.0,2.0,1.0,0.0,,6.0,0.0
824,Vaggeryd,Most Vulnerable Species*,10.0,2.0,0.0,1.0,0.0,,5.0,0.0
825,Valdemarsvik,Most Vulnerable Species*,9.0,4.0,7.0,0.0,0.0,,5.0,0.0
826,Vallentuna,Most Vulnerable Species*,7.0,3.0,5.0,0.0,0.0,,5.0,0.0
827,Vansbro,Most Vulnerable Species*,7.0,4.0,3.0,0.0,1.0,,5.0,0.0
828,Vara,Most Vulnerable Species*,3.0,1.0,0.0,0.0,0.0,,5.0,0.0
829,Varberg,Most Vulnerable Species*,7.0,10.0,3.0,4.0,1.0,,6.0,0.0
830,Vaxholm,Most Vulnerable Species*,8.0,1.0,0.0,0.0,0.0,,5.0,0.0
831,Vellinge,Most Vulnerable Species*,8.0,0.0,1.0,1.0,1.0,,7.0,0.0
832,Vetlanda,Most Vulnerable Species*,16.0,3.0,4.0,2.0,0.0,,5.0,1.0
833,Vilhelmina,Most Vulnerable Species*,3.0,3.0,6.0,0.0,0.0,,7.0,1.0
834,Vimmerby,Most Vulnerable Species*,8.0,5.0,4.0,1.0,1.0,,5.0,0.0
835,Vindeln,Most Vulnerable Species*,1.0,3.0,5.0,1.0,1.0,,4.0,1.0
836,Vingåker,Most Vulnerable Species*,4.0,3.0,2.0,0.0,0.0,,5.0,0.0
837,Vänersborg,Most Vulnerable Species*,15.0,13.0,4.0,6.0,0.0,,5.0,0.0
838,Vännäs,Most Vulnerable Species*,2.0,1.0,0.0,0.0,0.0,,4.0,0.0
839,Värmdö,Most Vulnerable Species*,12.0,5.0,12.0,2.0,0.0,,7.0,0.0
840,Värnamo,Most Vulnerable Species*,8.0,3.0,1.0,0.0,0.0,,5.0,0.0
841,Västervik,Most Vulnerable Species*,20.0,11.0,16.0,2.0,1.0,,5.0,0.0
842,Västerås,Most Vulnerable Species*,8.0,7.0,12.0,0.0,0.0,,5.0,0.0
843,Växjö,Most Vulnerable Species*,13.0,5.0,9.0,1.0,0.0,,5.0,1.0
844,Vårgårda,Most Vulnerable Species*,4.0,3.0,0.0,0.0,0.0,,5.0,0.0
845,Ydre,Most Vulnerable Species*,14.0,5.0,2.0,3.0,0.0,,6.0,0.0
846,Ystad,Most Vulnerable Species*,11.0,3.0,9.0,4.0,1.0,,5.0,2.0
847,Älmhult,Most Vulnerable Species*,6.0,7.0,8.0,2.0,0.0,,4.0,0.0
848,Älvdalen,Most Vulnerable Species*,32.0,9.0,14.0,7.0,0.0,,6.0,1.0
849,Älvkarleby,Most Vulnerable Species*,12.0,8.0,12.0,2.0,1.0,,5.0,0.0
850,Älvsbyn,Most Vulnerable Species*,1.0,1.0,2.0,1.0,0.0,,4.0,0.0
851,Ängelholm,Most Vulnerable Species*,12.0,3.0,2.0,4.0,0.0,,5.0,0.0
852,Åmål,Most Vulnerable Species*,18.0,10.0,2.0,9.0,0.0,,3.0,0.0
853,Ånge,Most Vulnerable Species*,12.0,7.0,14.0,5.0,0.0,,4.0,0.0
854,Åre,Most Vulnerable Species*,6.0,29.0,4.0,9.0,0.0,,5.0,1.0
855,Årjäng,Most Vulnerable Species*,5.0,10.0,4.0,1.0,0.0,,1.0,0.0
856,Åsele,Most Vulnerable Species*,1.0,4.0,5.0,2.0,0.0,,4.0,1.0
857,Åstorp,Most Vulnerable Species*,4.0,1.0,2.0,0.0,0.0,,3.0,0.0
858,Åtvidaberg,Most Vulnerable Species*,18.0,5.0,8.0,0.0,0.0,,6.0,0.0
859,Öckerö,Most Vulnerable Species*,5.0,3.0,0.0,0.0,0.0,,3.0,0.0
860,Ödeshög,Most Vulnerable Species*,14.0,24.0,8.0,3.0,0.0,,5.0,0.0
861,Örebro,Most Vulnerable Species*,13.0,8.0,14.0,8.0,0.0,,6.0,0.0
862,Örkelljunga,Most Vulnerable Species*,5.0,1.0,0.0,0.0,0.0,,4.0,0.0
863,Örnsköldsvik,Most Vulnerable Species*,3.0,4.0,5.0,7.0,0.0,,7.0,1.0
864,Östersund,Most Vulnerable Species*,3.0,5.0,8.0,2.0,0.0,,5.0,0.0
865,Österåker,Most Vulnerable Species*,10.0,4.0,9.0,0.0,0.0,,5.0,0.0
866,Östhammar,Most Vulnerable Species*,14.0,8.0,10.0,1.0,1.0,,7.0,0.0
867,Östra Göinge,Most Vulnerable Species*,6.0,3.0,3.0,2.0,0.0,,3.0,0.0
868,Överkalix,Most Vulnerable Species*,2.0,1.0,6.0,0.0,0.0,,5.0,1.0
869,Övertorneå,Most Vulnerable Species*,1.0,1.0,2.0,0.0,0.0,,7.0,0.0
